city,date,temperature,humidity,pressure,precipitation,wind_speed
Chennai,2026-07-01 00:00:00,31.1,55,1005.8,0.0,17.8
Chennai,2026-07-01 01:00:00,30.5,56,1005.3,0.0,17.4
Chennai,2026-07-01 02:00:00,29.9,57,1005.0,0.0,18.1
Chennai,2026-07-01 03:00:00,29.5,58,1004.9,0.0,16.8
Chennai,2026-07-01 04:00:00,29.1,59,1005.0,0.0,16.4
Chennai,2026-07-01 05:00:00,28.7,64,1005.2,0.0,14.5
Chennai,2026-07-01 06:00:00,28.7,64,1005.9,0.0,14.6
Chennai,2026-07-01 07:00:00,29.4,63,1006.4,0.0,13.6
Chennai,2026-07-01 08:00:00,30.5,60,1006.6,0.0,15.3
Chennai,2026-07-01 09:00:00,31.6,56,1006.7,0.0,18.1
Chennai,2026-07-01 10:00:00,32.2,55,1006.3,0.0,19.2
Chennai,2026-07-01 11:00:00,32.9,53,1005.8,0.0,19.9
Chennai,2026-07-01 12:00:00,32.9,54,1005.4,0.0,19.6
Chennai,2026-07-01 13:00:00,33.5,54,1004.4,0.0,17.0
Chennai,2026-07-01 14:00:00,35.5,47,1003.2,0.0,14.4
Chennai,2026-07-01 15:00:00,35.0,44,1002.8,0.2,17.1
Chennai,2026-07-01 16:00:00,34.9,43,1002.7,0.0,19.7
Chennai,2026-07-01 17:00:00,34.0,44,1002.7,0.1,18.1
Chennai,2026-07-01 18:00:00,34.4,41,1003.3,0.0,12.1
Chennai,2026-07-01 19:00:00,33.2,45,1004.1,0.0,15.4
Chennai,2026-07-01 20:00:00,32.3,47,1005.2,0.0,18.3
Chennai,2026-07-01 21:00:00,31.5,51,1006.2,0.0,19.0
Chennai,2026-07-01 22:00:00,31.1,53,1006.9,0.0,21.7
Chennai,2026-07-01 23:00:00,31.5,52,1006.2,0.0,19.9
Chennai,2026-07-02 00:00:00,30.7,54,1006.0,0.0,15.1
Chennai,2026-07-02 01:00:00,31.3,51,1005.6,0.0,18.6
Chennai,2026-07-02 02:00:00,31.0,51,1005.2,0.0,16.2
Chennai,2026-07-02 03:00:00,30.6,52,1005.1,0.0,15.1
Chennai,2026-07-02 04:00:00,30.1,54,1004.9,0.0,15.3
Chennai,2026-07-02 05:00:00,29.6,59,1005.1,0.0,16.3
Chennai,2026-07-02 06:00:00,29.7,59,1005.7,0.0,16.8
Chennai,2026-07-02 07:00:00,30.5,57,1005.8,0.0,14.4
Chennai,2026-07-02 08:00:00,32.0,53,1006.1,0.0,17.8
Chennai,2026-07-02 09:00:00,33.2,50,1006.3,0.0,18.4
Chennai,2026-07-02 10:00:00,34.4,47,1005.7,0.0,16.0
Chennai,2026-07-02 11:00:00,34.6,47,1005.8,0.0,14.8
Chennai,2026-07-02 12:00:00,35.1,46,1005.5,0.0,16.6
Chennai,2026-07-02 13:00:00,34.7,46,1004.4,0.0,13.5
Chennai,2026-07-02 14:00:00,35.2,45,1003.4,0.0,14.1
Chennai,2026-07-02 15:00:00,35.3,45,1003.0,0.0,7.3
Chennai,2026-07-02 16:00:00,34.6,46,1002.9,0.0,12.4
Chennai,2026-07-02 17:00:00,35.4,43,1003.0,0.0,13.5
Chennai,2026-07-02 18:00:00,35.4,42,1003.6,0.0,9.4
Chennai,2026-07-02 19:00:00,34.5,45,1004.4,0.0,5.7
Chennai,2026-07-02 20:00:00,34.0,47,1005.4,0.0,8.5
Chennai,2026-07-02 21:00:00,33.7,47,1005.9,0.0,12.3
Chennai,2026-07-02 22:00:00,33.1,48,1006.6,0.0,17.7
Chennai,2026-07-02 23:00:00,32.8,50,1006.3,0.1,16.1
Chennai,2026-07-03 00:00:00,32.3,52,1005.8,0.0,15.2
Chennai,2026-07-03 01:00:00,31.9,52,1005.7,0.0,16.2
Chennai,2026-07-03 02:00:00,31.2,53,1005.3,0.0,15.5
Chennai,2026-07-03 03:00:00,30.7,55,1005.3,0.0,15.0
Chennai,2026-07-03 04:00:00,30.3,57,1005.7,0.0,16.4
Chennai,2026-07-03 05:00:00,30.1,62,1005.6,0.0,15.0
Chennai,2026-07-03 06:00:00,29.9,61,1006.1,0.0,15.8
Chennai,2026-07-03 07:00:00,30.6,59,1006.5,0.0,16.1
Chennai,2026-07-03 08:00:00,31.5,55,1006.2,0.0,17.4
Chennai,2026-07-03 09:00:00,32.1,53,1006.6,0.0,19.7
Chennai,2026-07-03 10:00:00,32.6,53,1006.7,0.1,15.2
Chennai,2026-07-03 11:00:00,34.5,45,1006.4,0.1,23.0
Chennai,2026-07-03 12:00:00,34.7,44,1006.3,0.0,17.8
Chennai,2026-07-03 13:00:00,35.0,43,1005.7,0.0,17.3
Chennai,2026-07-03 14:00:00,35.4,41,1004.3,0.0,16.9
Chennai,2026-07-03 15:00:00,36.1,39,1003.6,0.0,16.2
Chennai,2026-07-03 16:00:00,33.3,50,1003.8,0.5,18.2
Chennai,2026-07-03 17:00:00,32.8,55,1004.0,0.0,14.5
Chennai,2026-07-03 18:00:00,32.1,58,1004.1,0.0,13.6
Chennai,2026-07-03 19:00:00,31.9,60,1004.6,0.0,14.7
Chennai,2026-07-03 20:00:00,31.3,63,1006.1,0.0,16.9
Chennai,2026-07-03 21:00:00,28.9,74,1006.8,0.2,14.2
Chennai,2026-07-03 22:00:00,29.1,75,1007.0,0.0,13.8
Chennai,2026-07-03 23:00:00,31.2,59,1005.8,0.1,14.1
Chennai,2026-07-04 00:00:00,30.8,56,1005.4,0.0,15.5
Chennai,2026-07-04 01:00:00,30.5,54,1005.3,0.0,17.7
Chennai,2026-07-04 02:00:00,30.6,53,1004.9,0.0,17.1
Chennai,2026-07-04 03:00:00,30.1,56,1004.8,0.0,17.7
Chennai,2026-07-04 04:00:00,29.3,60,1005.1,0.0,15.9
Chennai,2026-07-04 05:00:00,29.0,65,1005.4,0.5,16.0
Chennai,2026-07-04 06:00:00,27.5,73,1006.2,0.7,15.8
Chennai,2026-07-04 07:00:00,26.1,86,1006.4,3.0,13.5
Chennai,2026-07-04 08:00:00,27.0,80,1006.8,0.5,12.7
Chennai,2026-07-04 09:00:00,27.9,74,1006.9,0.4,11.8
Chennai,2026-07-04 10:00:00,28.7,70,1006.3,0.1,9.9
Chennai,2026-07-04 11:00:00,30.6,59,1005.5,0.0,11.8
Chennai,2026-07-04 12:00:00,31.4,56,1005.2,0.0,15.0
Chennai,2026-07-04 13:00:00,32.3,52,1004.3,0.0,17.3
Chennai,2026-07-04 14:00:00,32.5,51,1003.2,0.0,15.8
Chennai,2026-07-04 15:00:00,31.5,55,1003.2,0.1,16.4
Chennai,2026-07-04 16:00:00,31.2,58,1002.8,0.1,14.8
Chennai,2026-07-04 17:00:00,32.2,53,1002.8,0.0,14.8
Chennai,2026-07-04 18:00:00,31.1,61,1003.4,0.0,17.6
Chennai,2026-07-04 19:00:00,30.6,64,1004.0,0.0,14.3
Chennai,2026-07-04 20:00:00,31.1,60,1004.3,0.0,18.2
Chennai,2026-07-04 21:00:00,31.3,57,1004.7,0.1,17.6
Chennai,2026-07-04 22:00:00,30.7,57,1005.2,0.3,17.3
Chennai,2026-07-04 23:00:00,32.1,47,1004.7,0.0,17.2
Chennai,2026-07-05 00:00:00,31.9,45,1004.5,0.0,18.8
Chennai,2026-07-05 01:00:00,31.4,47,1004.4,0.0,19.0
Chennai,2026-07-05 02:00:00,30.8,50,1004.2,0.0,17.9
Chennai,2026-07-05 03:00:00,30.5,52,1004.4,0.0,17.1
Chennai,2026-07-05 04:00:00,30.1,54,1004.8,0.0,15.6
Chennai,2026-07-05 05:00:00,30.2,55,1004.3,0.0,18.4
Chennai,2026-07-05 06:00:00,30.3,54,1004.7,0.0,18.7
Chennai,2026-07-05 07:00:00,30.8,52,1005.5,0.0,15.7
Chennai,2026-07-05 08:00:00,32.3,48,1006.1,0.0,18.1
Chennai,2026-07-05 09:00:00,33.4,46,1006.1,0.0,18.8
Chennai,2026-07-05 10:00:00,34.7,43,1005.5,0.0,19.4
Chennai,2026-07-05 11:00:00,35.9,40,1004.7,0.0,20.1
Chennai,2026-07-05 12:00:00,36.4,38,1004.1,0.0,21.0
Chennai,2026-07-05 13:00:00,37.8,34,1003.3,0.0,20.2
Chennai,2026-07-05 14:00:00,37.2,33,1002.6,0.0,21.3
Chennai,2026-07-05 15:00:00,37.2,31,1002.0,0.0,19.6
Chennai,2026-07-05 16:00:00,38.4,27,1001.5,0.0,19.4
Chennai,2026-07-05 17:00:00,38.1,28,1002.1,0.0,20.5
Chennai,2026-07-05 18:00:00,37.1,31,1002.7,0.0,18.0
Chennai,2026-07-05 19:00:00,35.9,32,1003.4,0.0,15.8
Chennai,2026-07-05 20:00:00,34.7,35,1004.5,0.0,16.8
Chennai,2026-07-05 21:00:00,34.1,34,1005.5,0.0,19.0
Chennai,2026-07-05 22:00:00,33.5,34,1005.8,0.0,18.2
Chennai,2026-07-05 23:00:00,33.3,35,1005.1,0.0,19.7
Chennai,2026-07-06 00:00:00,32.0,39,1004.8,0.0,19.4
Chennai,2026-07-06 01:00:00,31.2,42,1004.9,0.0,17.6
Chennai,2026-07-06 02:00:00,30.4,44,1004.8,0.0,15.2
Chennai,2026-07-06 03:00:00,29.8,47,1005.1,0.0,12.9
Chennai,2026-07-06 04:00:00,29.4,49,1005.2,0.0,12.4
Chennai,2026-07-06 05:00:00,29.7,50,1005.1,0.0,14.5
Chennai,2026-07-06 06:00:00,29.4,51,1005.3,0.0,12.9
Chennai,2026-07-06 07:00:00,30.5,48,1005.9,0.0,12.8
Chennai,2026-07-06 08:00:00,32.0,45,1006.0,0.0,17.3
Chennai,2026-07-06 09:00:00,33.3,43,1005.8,0.0,17.3
Chennai,2026-07-06 10:00:00,34.6,41,1005.8,0.0,18.1
Chennai,2026-07-06 11:00:00,35.8,38,1005.1,0.0,21.6
Chennai,2026-07-06 12:00:00,36.5,36,1004.3,0.0,23.5
Chennai,2026-07-06 13:00:00,38.0,32,1003.1,0.0,23.9
Chennai,2026-07-06 14:00:00,38.9,30,1002.2,0.0,25.0
Chennai,2026-07-06 15:00:00,38.6,29,1001.8,0.0,26.1
Chennai,2026-07-06 16:00:00,38.3,30,1001.5,0.0,26.3
Chennai,2026-07-06 17:00:00,39.2,27,1001.5,0.0,22.2
Chennai,2026-07-06 18:00:00,37.2,31,1002.8,0.0,19.2
Chennai,2026-07-06 19:00:00,35.0,35,1003.6,0.0,16.0
Chennai,2026-07-06 20:00:00,35.3,34,1004.5,0.0,16.3
Chennai,2026-07-06 21:00:00,34.4,36,1005.2,0.0,12.8
Chennai,2026-07-06 22:00:00,32.0,54,1005.8,0.0,10.8
Chennai,2026-07-06 23:00:00,33.8,39,1005.6,0.0,16.4
Chennai,2026-07-07 00:00:00,32.7,43,1005.5,0.0,15.1
Chennai,2026-07-07 01:00:00,32.0,45,1004.9,0.0,12.5
Chennai,2026-07-07 02:00:00,31.1,48,1005.2,0.0,11.0
Chennai,2026-07-07 03:00:00,30.5,50,1005.4,0.0,10.8
Chennai,2026-07-07 04:00:00,30.2,52,1005.8,0.0,10.3
Chennai,2026-07-07 05:00:00,30.6,54,1005.8,0.0,11.8
Chennai,2026-07-07 06:00:00,30.3,56,1006.5,0.0,12.0
Chennai,2026-07-07 07:00:00,31.4,52,1007.2,0.0,13.7
Chennai,2026-07-07 08:00:00,32.6,48,1007.5,0.0,16.4
Chennai,2026-07-07 09:00:00,33.6,47,1007.1,0.0,16.6
Chennai,2026-07-07 10:00:00,35.1,43,1006.7,0.0,20.2
Chennai,2026-07-07 11:00:00,36.5,38,1006.0,0.0,23.4
Chennai,2026-07-07 12:00:00,37.0,37,1005.4,0.0,23.5
Chennai,2026-07-07 13:00:00,37.9,35,1004.3,0.0,22.0
Chennai,2026-07-07 14:00:00,39.0,32,1002.9,0.0,18.5
Chennai,2026-07-07 15:00:00,39.0,31,1002.3,0.0,17.4
Chennai,2026-07-07 16:00:00,37.6,34,1002.2,0.2,18.2
Chennai,2026-07-07 17:00:00,37.5,33,1002.6,0.3,18.0
Chennai,2026-07-07 18:00:00,34.8,46,1003.5,0.0,15.7
Chennai,2026-07-07 19:00:00,33.5,54,1004.8,0.0,13.7
Chennai,2026-07-07 20:00:00,33.3,52,1005.5,0.0,13.4
Chennai,2026-07-07 21:00:00,33.0,51,1006.2,0.0,12.6
Chennai,2026-07-07 22:00:00,32.5,54,1006.7,0.0,11.8
Chennai,2026-07-07 23:00:00,33.5,44,1006.1,0.0,17.3
Chennai,2026-07-08 00:00:00,32.8,45,1006.3,0.0,16.4
Chennai,2026-07-08 01:00:00,32.0,48,1005.8,0.0,15.5
Chennai,2026-07-08 02:00:00,31.6,49,1005.7,0.0,15.2
Chennai,2026-07-08 03:00:00,31.1,50,1005.8,0.0,13.7
Chennai,2026-07-08 04:00:00,30.8,51,1005.8,0.0,12.7
Chennai,2026-07-08 05:00:00,30.9,51,1006.1,0.0,12.4
Chennai,2026-07-08 06:00:00,30.5,53,1007.0,0.0,11.4
Chennai,2026-07-08 07:00:00,31.1,52,1007.4,0.0,12.4
Chennai,2026-07-08 08:00:00,32.4,49,1007.3,0.0,17.8
Chennai,2026-07-08 09:00:00,33.4,47,1007.3,0.0,18.5
Chennai,2026-07-08 10:00:00,34.4,45,1006.6,0.0,15.5
Chennai,2026-07-08 11:00:00,36.0,41,1006.2,0.0,21.2
Chennai,2026-07-08 12:00:00,36.4,39,1005.6,0.0,20.3
Chennai,2026-07-08 13:00:00,38.1,35,1004.2,0.0,19.9
Chennai,2026-07-08 14:00:00,38.6,33,1003.1,0.0,18.5
Chennai,2026-07-08 15:00:00,38.5,34,1002.5,0.0,15.5
Chennai,2026-07-08 16:00:00,37.9,35,1002.5,0.0,11.8
Chennai,2026-07-08 17:00:00,37.2,36,1003.0,0.2,18.7
Chennai,2026-07-08 18:00:00,34.6,47,1003.8,0.0,16.1
Chennai,2026-07-08 19:00:00,32.4,61,1004.9,0.0,18.2
Chennai,2026-07-08 20:00:00,31.1,67,1005.7,0.0,16.1
Chennai,2026-07-08 21:00:00,30.9,68,1006.0,0.0,14.8
Chennai,2026-07-08 22:00:00,30.8,69,1006.5,0.0,13.2
Chennai,2026-07-08 23:00:00,31.6,66,1005.8,0.0,12.5
Chennai,2026-07-09 00:00:00,32.0,57,1005.4,0.0,13.5
Chennai,2026-07-09 01:00:00,31.7,55,1004.9,0.0,13.0
Chennai,2026-07-09 02:00:00,31.5,57,1005.0,0.0,12.4
Chennai,2026-07-09 03:00:00,31.2,58,1005.1,0.0,11.6
Chennai,2026-07-09 04:00:00,30.9,59,1006.0,0.0,11.3
Chennai,2026-07-09 05:00:00,31.3,54,1006.1,0.0,15.0
Chennai,2026-07-09 06:00:00,30.8,56,1007.0,0.0,13.3
Chennai,2026-07-09 07:00:00,31.8,54,1007.6,0.0,13.9
Chennai,2026-07-09 08:00:00,32.9,51,1007.9,0.0,14.1
Chennai,2026-07-09 09:00:00,34.2,47,1007.7,0.0,12.5
Chennai,2026-07-09 10:00:00,35.6,44,1007.6,0.0,11.4
Chennai,2026-07-09 11:00:00,36.7,41,1007.0,0.0,11.3
Chennai,2026-07-09 12:00:00,37.8,38,1006.5,0.0,8.6
Chennai,2026-07-09 13:00:00,37.5,37,1005.9,0.1,4.4
Chennai,2026-07-09 14:00:00,35.7,43,1005.0,0.6,8.6
Chennai,2026-07-09 15:00:00,33.5,61,1004.5,1.6,14.2
Chennai,2026-07-09 16:00:00,32.3,66,1004.4,0.9,16.6
Chennai,2026-07-09 17:00:00,29.3,80,1005.7,0.2,9.9
Chennai,2026-07-09 18:00:00,29.6,78,1005.9,0.3,6.2
Chennai,2026-07-09 19:00:00,29.9,77,1006.5,0.0,2.5
Chennai,2026-07-09 20:00:00,29.7,78,1007.7,0.0,5.1
Chennai,2026-07-09 21:00:00,28.7,83,1008.6,0.6,6.7
Chennai,2026-07-09 22:00:00,28.1,84,1008.7,0.3,10.2
Chennai,2026-07-09 23:00:00,28.4,87,1008.1,0.6,8.2
Chennai,2026-07-10 00:00:00,28.1,90,1007.5,0.6,2.0
Chennai,2026-07-10 01:00:00,27.3,96,1006.9,2.0,3.9
Chennai,2026-07-10 02:00:00,27.9,93,1006.2,0.1,8.0
Chennai,2026-07-10 03:00:00,28.3,91,1006.3,0.0,5.6
Chennai,2026-07-10 04:00:00,28.4,89,1006.6,0.0,6.3
Chennai,2026-07-10 05:00:00,27.9,87,1007.0,0.0,10.5
Chennai,2026-07-10 06:00:00,28.1,86,1008.1,0.0,7.1
Chennai,2026-07-10 07:00:00,29.1,82,1008.7,0.0,6.4
Chennai,2026-07-10 08:00:00,30.8,72,1009.1,0.0,9.9
Chennai,2026-07-10 09:00:00,32.0,65,1009.1,0.0,10.2
Chennai,2026-07-10 10:00:00,32.9,60,1009.0,0.0,8.4
Chennai,2026-07-10 11:00:00,32.1,61,1009.0,0.1,11.1
Chennai,2026-07-10 12:00:00,32.9,59,1008.3,0.0,10.0
Chennai,2026-07-10 13:00:00,33.3,56,1007.6,0.0,9.7
Chennai,2026-07-10 14:00:00,33.6,55,1006.6,0.0,9.2
Chennai,2026-07-10 15:00:00,33.9,52,1006.1,0.0,7.8
Chennai,2026-07-10 16:00:00,33.8,52,1005.9,0.0,5.9
Chennai,2026-07-10 17:00:00,33.2,54,1006.4,0.0,5.2
Chennai,2026-07-10 18:00:00,31.1,73,1007.0,0.0,8.7
Chennai,2026-07-10 19:00:00,29.8,77,1007.6,0.0,11.3
Chennai,2026-07-10 20:00:00,29.6,73,1008.1,0.0,10.0
Chennai,2026-07-10 21:00:00,29.4,74,1009.4,0.0,17.6
Chennai,2026-07-10 22:00:00,28.9,77,1008.9,0.1,14.9
Chennai,2026-07-10 23:00:00,29.3,80,1008.6,0.0,12.6
Chennai,2026-07-11 00:00:00,28.4,79,1007.7,0.0,11.8
Chennai,2026-07-11 01:00:00,27.9,77,1006.7,0.0,10.3
Chennai,2026-07-11 02:00:00,27.5,79,1006.3,0.0,10.2
Chennai,2026-07-11 03:00:00,27.2,80,1006.4,0.0,11.0
Chennai,2026-07-11 04:00:00,27.2,80,1006.5,0.0,11.1
Chennai,2026-07-11 05:00:00,27.9,78,1006.9,0.0,10.9
Chennai,2026-07-11 06:00:00,28.0,78,1007.8,0.0,10.8
Chennai,2026-07-11 07:00:00,29.4,73,1008.5,0.0,9.4
Chennai,2026-07-11 08:00:00,31.1,63,1008.7,0.0,11.6
Chennai,2026-07-11 09:00:00,32.5,56,1008.5,0.0,12.1
Chennai,2026-07-11 10:00:00,33.8,51,1008.0,0.0,11.2
Chennai,2026-07-11 11:00:00,35.1,47,1007.1,0.0,10.7
Chennai,2026-07-11 12:00:00,35.8,43,1006.4,0.3,10.6
Chennai,2026-07-11 13:00:00,36.5,41,1005.5,0.2,10.5
Chennai,2026-07-11 14:00:00,37.3,38,1004.2,0.0,11.2
Chennai,2026-07-11 15:00:00,37.1,39,1003.9,0.0,7.4
Chennai,2026-07-11 16:00:00,36.0,42,1003.6,0.0,4.0
Chennai,2026-07-11 17:00:00,33.2,65,1003.6,0.0,10.9
Chennai,2026-07-11 18:00:00,32.0,64,1004.1,0.0,13.0
Chennai,2026-07-11 19:00:00,31.3,66,1005.0,0.0,8.8
Chennai,2026-07-11 20:00:00,30.8,72,1006.1,0.0,9.1
Chennai,2026-07-11 21:00:00,30.4,77,1006.8,0.0,10.9
Chennai,2026-07-11 22:00:00,30.1,79,1006.7,0.0,11.4
Chennai,2026-07-11 23:00:00,30.4,77,1006.1,0.0,12.4
Chennai,2026-07-12 00:00:00,30.1,79,1005.4,0.0,14.0
Chennai,2026-07-12 01:00:00,29.7,80,1004.4,0.0,14.3
Chennai,2026-07-12 02:00:00,29.5,79,1003.9,0.0,13.9
Chennai,2026-07-12 03:00:00,29.4,75,1003.9,0.0,13.6
Chennai,2026-07-12 04:00:00,29.4,68,1004.0,0.0,12.5
Chennai,2026-07-12 05:00:00,29.9,66,1003.9,0.0,12.8
Chennai,2026-07-12 06:00:00,30.0,65,1004.4,0.0,12.7
Chennai,2026-07-12 07:00:00,31.0,61,1005.2,0.0,11.0
Chennai,2026-07-12 08:00:00,32.3,54,1005.5,0.0,13.3
Chennai,2026-07-12 09:00:00,33.6,49,1005.6,0.0,12.1
Chennai,2026-07-12 10:00:00,35.2,43,1005.7,0.0,10.4
Chennai,2026-07-12 11:00:00,36.7,39,1005.0,0.0,8.8
Chennai,2026-07-12 12:00:00,37.1,37,1004.4,0.0,5.1
Chennai,2026-07-12 13:00:00,37.1,38,1003.6,0.0,3.2
Chennai,2026-07-12 14:00:00,36.3,43,1002.4,0.0,6.3
Chennai,2026-07-12 15:00:00,35.1,52,1002.2,0.0,10.1
Chennai,2026-07-12 16:00:00,34.4,56,1002.1,0.0,11.6
Chennai,2026-07-12 17:00:00,33.3,61,1002.3,0.0,14.2
Chennai,2026-07-12 18:00:00,32.2,68,1002.8,0.0,10.5
Chennai,2026-07-12 19:00:00,31.7,71,1003.7,0.0,11.4
Chennai,2026-07-12 20:00:00,31.2,75,1004.6,0.0,11.1
Chennai,2026-07-12 21:00:00,30.9,80,1005.1,0.0,10.0
Chennai,2026-07-12 22:00:00,30.6,81,1005.4,0.0,9.6
Chennai,2026-07-12 23:00:00,30.7,79,1005.0,0.0,10.8
Chennai,2026-07-13 00:00:00,30.3,79,1004.2,0.0,10.6
Chennai,2026-07-13 01:00:00,30.3,75,1003.5,0.0,9.6
Chennai,2026-07-13 02:00:00,30.1,71,1003.0,0.0,10.7
Chennai,2026-07-13 03:00:00,29.8,69,1003.2,0.0,11.0
Chennai,2026-07-13 04:00:00,29.6,73,1003.4,0.0,12.6
Chennai,2026-07-13 05:00:00,31.1,53,1003.9,0.0,16.7
Chennai,2026-07-13 06:00:00,30.7,53,1004.9,0.0,15.3
Chennai,2026-07-13 07:00:00,31.5,50,1005.6,0.0,14.6
Chennai,2026-07-13 08:00:00,32.6,47,1006.0,0.0,16.8
Chennai,2026-07-13 09:00:00,33.9,45,1006.1,0.0,16.8
Chennai,2026-07-13 10:00:00,35.4,41,1006.0,0.0,15.9
Chennai,2026-07-13 11:00:00,37.1,36,1005.8,0.0,15.2
Chennai,2026-07-13 12:00:00,37.9,33,1005.2,0.0,14.8
Chennai,2026-07-13 13:00:00,38.7,31,1004.4,0.0,12.1
Chennai,2026-07-13 14:00:00,37.9,32,1003.4,0.0,4.3
Chennai,2026-07-13 15:00:00,36.1,41,1002.8,0.0,9.0
Chennai,2026-07-13 16:00:00,35.3,45,1002.3,0.0,10.1
Chennai,2026-07-13 17:00:00,33.7,57,1002.7,0.0,14.9
Chennai,2026-07-13 18:00:00,32.4,59,1003.4,0.0,12.7
Chennai,2026-07-13 19:00:00,32.0,65,1004.1,0.0,9.1
Chennai,2026-07-13 20:00:00,31.8,67,1004.9,0.0,9.3
Chennai,2026-07-13 21:00:00,31.5,66,1005.6,0.0,11.1
Chennai,2026-07-13 22:00:00,31.1,68,1005.8,0.0,11.5
Chennai,2026-07-13 23:00:00,31.3,71,1004.9,0.0,12.8
Chennai,2026-07-14 00:00:00,30.8,72,1004.3,0.0,13.3
Chennai,2026-07-14 01:00:00,30.4,75,1003.6,0.0,10.9
Chennai,2026-07-14 02:00:00,30.2,74,1003.2,0.0,11.3
Chennai,2026-07-14 03:00:00,30.1,72,1002.9,0.0,11.0
Chennai,2026-07-14 04:00:00,30.3,63,1003.2,0.0,9.9
Chennai,2026-07-14 05:00:00,31.1,53,1003.8,0.0,13.1
Chennai,2026-07-14 06:00:00,30.6,54,1004.6,0.0,11.2
Chennai,2026-07-14 07:00:00,31.7,50,1005.3,0.0,11.2
Chennai,2026-07-14 08:00:00,32.9,47,1005.6,0.0,13.6
Chennai,2026-07-14 09:00:00,34.5,43,1005.8,0.0,12.0
Chennai,2026-07-14 10:00:00,35.8,40,1005.7,0.0,10.2
Chennai,2026-07-14 11:00:00,37.4,37,1005.2,0.0,7.9
Chennai,2026-07-14 12:00:00,37.4,38,1004.5,0.0,4.9
Chennai,2026-07-14 13:00:00,37.4,40,1004.0,0.0,6.1
Chennai,2026-07-14 14:00:00,36.4,44,1003.1,0.0,10.3
Chennai,2026-07-14 15:00:00,35.1,50,1002.9,0.0,13.7
Chennai,2026-07-14 16:00:00,34.8,50,1003.0,0.0,13.1
Chennai,2026-07-14 17:00:00,34.5,48,1003.0,0.0,9.1
Chennai,2026-07-14 18:00:00,33.7,53,1003.8,0.0,7.8
Chennai,2026-07-14 19:00:00,33.0,59,1004.7,0.0,10.7
Chennai,2026-07-14 20:00:00,32.5,57,1005.4,0.0,10.6
Chennai,2026-07-14 21:00:00,32.0,60,1006.1,0.0,10.8
Chennai,2026-07-14 22:00:00,31.2,69,1006.6,0.0,12.6
Chennai,2026-07-14 23:00:00,30.9,73,1006.0,0.0,13.1
Chennai,2026-07-15 00:00:00,30.5,73,1005.6,0.0,13.3
Chennai,2026-07-15 01:00:00,30.0,75,1005.2,0.0,13.5
Chennai,2026-07-15 02:00:00,29.5,78,1004.6,0.0,12.9
Chennai,2026-07-15 03:00:00,29.4,76,1004.7,0.0,13.0
Chennai,2026-07-15 04:00:00,29.1,74,1004.8,0.0,12.0
Chennai,2026-07-15 05:00:00,29.3,73,1005.2,0.0,12.9
Chennai,2026-07-15 06:00:00,29.1,74,1005.9,0.0,10.6
Chennai,2026-07-15 07:00:00,30.4,68,1006.2,0.0,12.3
Chennai,2026-07-15 08:00:00,32.6,54,1006.6,0.0,13.5
Chennai,2026-07-15 09:00:00,34.5,45,1006.9,0.0,13.5
Chennai,2026-07-15 10:00:00,36.1,40,1007.0,0.0,13.6
Chennai,2026-07-15 11:00:00,37.8,37,1006.3,0.0,12.8
Chennai,2026-07-15 12:00:00,38.2,34,1005.8,0.0,11.1
Chennai,2026-07-15 13:00:00,37.7,33,1005.4,0.0,4.7
Chennai,2026-07-15 14:00:00,36.6,40,1004.6,0.0,7.3
Chennai,2026-07-15 15:00:00,35.9,45,1004.2,0.0,10.0
Chennai,2026-07-15 16:00:00,35.3,48,1004.2,0.0,8.7
Chennai,2026-07-15 17:00:00,34.1,57,1004.3,0.0,12.9
Chennai,2026-07-15 18:00:00,33.2,59,1004.8,0.0,9.9
Chennai,2026-07-15 19:00:00,32.2,67,1005.4,0.0,10.9
Chennai,2026-07-15 20:00:00,31.8,68,1006.0,0.0,11.0
Chennai,2026-07-15 21:00:00,31.5,72,1006.5,0.0,12.3
Chennai,2026-07-15 22:00:00,30.9,75,1007.0,0.0,12.2
Chennai,2026-07-15 23:00:00,30.4,80,1006.4,0.0,14.3
Chennai,2026-07-16 00:00:00,30.0,79,1006.0,0.0,12.8
Chennai,2026-07-16 01:00:00,29.7,77,1005.9,0.0,12.0
Chennai,2026-07-16 02:00:00,29.6,73,1005.9,0.0,12.0
Chennai,2026-07-16 03:00:00,29.4,69,1006.1,0.0,11.8
Chennai,2026-07-16 04:00:00,29.0,69,1006.4,0.0,12.1
Chennai,2026-07-16 05:00:00,29.4,71,1006.5,0.0,12.0
Chennai,2026-07-16 06:00:00,29.4,69,1007.3,0.0,11.6
Chennai,2026-07-16 07:00:00,31.1,58,1007.9,0.0,13.7
Chennai,2026-07-16 08:00:00,33.0,44,1008.0,0.0,17.6
Chennai,2026-07-16 09:00:00,34.1,41,1008.4,0.0,16.4
Chennai,2026-07-16 10:00:00,35.4,37,1008.1,0.0,14.1
Chennai,2026-07-16 11:00:00,37.0,33,1007.1,0.0,11.8
Chennai,2026-07-16 12:00:00,37.6,31,1006.6,0.0,9.4
Chennai,2026-07-16 13:00:00,38.2,28,1005.8,0.0,8.8
Chennai,2026-07-16 14:00:00,38.0,28,1005.0,0.0,6.0
Chennai,2026-07-16 15:00:00,37.3,29,1004.8,0.0,3.0
Chennai,2026-07-16 16:00:00,36.3,33,1004.6,0.0,3.8
Chennai,2026-07-16 17:00:00,33.2,55,1004.8,0.0,13.1
Chennai,2026-07-16 18:00:00,32.1,60,1005.4,0.1,10.0
Chennai,2026-07-16 19:00:00,31.5,68,1005.9,0.0,7.1
Chennai,2026-07-16 20:00:00,31.3,68,1007.0,0.0,6.8
Chennai,2026-07-16 21:00:00,30.9,70,1007.4,0.0,9.1
Chennai,2026-07-16 22:00:00,30.4,75,1007.7,0.0,11.3
Chennai,2026-07-16 23:00:00,30.4,75,1007.4,0.0,11.3
Chennai,2026-07-17 00:00:00,30.2,78,1006.8,0.0,8.9
Chennai,2026-07-17 01:00:00,30.2,77,1006.2,0.0,6.8
Chennai,2026-07-17 02:00:00,30.4,70,1005.9,0.0,10.9
Chennai,2026-07-17 03:00:00,30.0,68,1005.9,0.0,13.8
Chennai,2026-07-17 04:00:00,29.6,66,1005.9,0.0,14.6
Chennai,2026-07-17 05:00:00,29.6,65,1006.5,0.0,12.0
Chennai,2026-07-17 06:00:00,29.4,65,1007.3,0.0,9.6
Chennai,2026-07-17 07:00:00,30.7,57,1007.8,0.0,9.7
Chennai,2026-07-17 08:00:00,32.3,49,1008.0,0.0,10.8
Chennai,2026-07-17 09:00:00,34.0,43,1008.2,0.0,11.7
Chennai,2026-07-17 10:00:00,35.3,41,1008.1,0.0,12.4
Chennai,2026-07-17 11:00:00,36.0,38,1007.3,0.0,12.0
Chennai,2026-07-17 12:00:00,36.5,38,1006.9,0.0,9.4
Chennai,2026-07-17 13:00:00,37.3,35,1006.2,0.0,4.6
Chennai,2026-07-17 14:00:00,37.1,34,1005.2,0.1,4.1
Chennai,2026-07-17 15:00:00,35.3,43,1004.8,1.2,8.2
Chennai,2026-07-17 16:00:00,32.5,58,1004.7,0.9,17.3
Chennai,2026-07-17 17:00:00,31.5,64,1005.9,0.1,6.9
Chennai,2026-07-17 18:00:00,30.5,67,1006.5,0.0,9.5
Chennai,2026-07-17 19:00:00,30.0,67,1006.6,0.0,11.1
Chennai,2026-07-17 20:00:00,28.8,79,1008.1,0.7,12.6
Chennai,2026-07-17 21:00:00,28.9,80,1009.0,0.1,8.2
Chennai,2026-07-17 22:00:00,27.3,79,1009.3,0.5,12.4
Chennai,2026-07-17 23:00:00,27.6,85,1008.1,0.4,7.4
Chennai,2026-07-18 00:00:00,27.1,87,1008.0,0.4,13.1
Chennai,2026-07-18 01:00:00,26.1,89,1007.8,0.4,12.0
Chennai,2026-07-18 02:00:00,25.9,88,1007.2,0.1,7.5
Chennai,2026-07-18 03:00:00,26.0,89,1006.7,0.0,5.9
Chennai,2026-07-18 04:00:00,25.9,90,1007.1,0.0,4.6
Chennai,2026-07-18 05:00:00,27.3,93,1006.8,0.0,3.5
Chennai,2026-07-18 06:00:00,27.2,94,1007.3,0.0,3.0
Chennai,2026-07-18 07:00:00,28.0,86,1008.2,0.0,2.7
Chennai,2026-07-18 08:00:00,28.9,78,1008.6,0.0,5.0
Chennai,2026-07-18 09:00:00,30.3,67,1008.8,0.0,8.7
Chennai,2026-07-18 10:00:00,30.6,62,1008.4,0.0,11.2
Chennai,2026-07-18 11:00:00,30.9,63,1008.0,0.0,10.1
Chennai,2026-07-18 12:00:00,31.8,59,1007.0,0.0,9.9
Chennai,2026-07-18 13:00:00,32.4,55,1006.5,0.2,6.8
Chennai,2026-07-18 14:00:00,31.9,58,1005.4,0.0,2.6
Chennai,2026-07-18 15:00:00,30.4,73,1005.2,0.3,6.4
Chennai,2026-07-18 16:00:00,28.9,83,1005.3,0.9,10.5
Chennai,2026-07-18 17:00:00,30.2,70,1005.3,0.0,8.6
Chennai,2026-07-18 18:00:00,29.9,75,1006.1,0.0,5.3
Chennai,2026-07-18 19:00:00,29.4,80,1006.6,0.0,7.6
Chennai,2026-07-18 20:00:00,29.4,76,1007.3,0.0,9.9
Chennai,2026-07-18 21:00:00,29.2,75,1007.8,0.0,10.3
Chennai,2026-07-18 22:00:00,28.7,77,1008.2,0.0,6.6
Chennai,2026-07-18 23:00:00,29.2,69,1007.5,0.0,11.7
Chennai,2026-07-19 00:00:00,28.1,72,1007.1,0.0,15.0
Chennai,2026-07-19 01:00:00,25.3,87,1007.0,0.6,19.1
Chennai,2026-07-19 02:00:00,24.8,91,1007.1,0.5,16.5
Chennai,2026-07-19 03:00:00,25.4,88,1007.1,0.4,11.6
Chennai,2026-07-19 04:00:00,25.6,88,1007.1,0.1,9.9
Chennai,2026-07-19 05:00:00,26.7,85,1007.4,0.0,5.4
Chennai,2026-07-19 06:00:00,26.6,85,1007.6,0.0,7.1
Chennai,2026-07-19 07:00:00,27.4,82,1007.8,0.0,6.5
Chennai,2026-07-19 08:00:00,28.6,78,1008.1,0.0,6.2
Chennai,2026-07-19 09:00:00,30.2,69,1008.3,0.0,6.9
Chennai,2026-07-19 10:00:00,31.8,60,1007.9,0.0,7.1
Chennai,2026-07-19 11:00:00,33.1,53,1006.9,0.0,2.3
Chennai,2026-07-19 12:00:00,33.4,53,1006.6,0.1,0.3
Chennai,2026-07-19 13:00:00,32.3,61,1006.1,0.3,8.6
Chennai,2026-07-19 14:00:00,30.3,73,1005.7,1.7,10.2
Chennai,2026-07-19 15:00:00,30.1,73,1005.0,0.8,13.6
Chennai,2026-07-19 16:00:00,30.3,70,1004.3,0.1,9.2
Chennai,2026-07-19 17:00:00,29.0,82,1005.7,0.1,8.5
Chennai,2026-07-19 18:00:00,29.3,81,1005.5,0.2,5.9
Chennai,2026-07-19 19:00:00,29.5,79,1006.0,0.0,5.8
Chennai,2026-07-19 20:00:00,29.5,78,1007.2,0.0,8.3
Chennai,2026-07-19 21:00:00,29.3,81,1007.8,0.0,7.7
Chennai,2026-07-19 22:00:00,29.1,80,1008.1,0.0,12.5
Chennai,2026-07-19 23:00:00,29.6,80,1007.2,0.0,19.1
Chennai,2026-07-20 00:00:00,29.4,77,1007.0,0.0,13.5
Chennai,2026-07-20 01:00:00,25.5,94,1007.9,5.4,16.2
Chennai,2026-07-20 02:00:00,25.6,93,1006.5,2.9,10.7
Chennai,2026-07-20 03:00:00,25.9,93,1006.7,0.4,8.0
Chennai,2026-07-20 04:00:00,26.3,92,1007.0,0.0,3.0
Chennai,2026-07-20 05:00:00,27.4,94,1006.9,0.0,4.0
Chennai,2026-07-20 06:00:00,27.3,92,1007.3,0.0,6.1
Chennai,2026-07-20 07:00:00,28.1,90,1008.0,0.0,6.2
Chennai,2026-07-20 08:00:00,29.2,78,1008.1,0.0,8.6
Chennai,2026-07-20 09:00:00,30.2,69,1008.6,0.0,10.4
Chennai,2026-07-20 10:00:00,31.0,63,1008.6,0.0,11.0
Chennai,2026-07-20 11:00:00,32.0,58,1007.7,0.0,12.1
Chennai,2026-07-20 12:00:00,32.5,57,1007.4,0.0,12.8
Chennai,2026-07-20 13:00:00,32.8,57,1006.6,0.0,10.6
Chennai,2026-07-20 14:00:00,33.0,57,1005.5,0.1,8.5
Chennai,2026-07-20 15:00:00,30.7,68,1005.3,1.3,12.2
Chennai,2026-07-20 16:00:00,31.8,63,1004.9,0.3,3.9
Chennai,2026-07-20 17:00:00,31.4,70,1005.3,0.0,10.1
Chennai,2026-07-20 18:00:00,29.9,77,1006.0,0.0,11.3
Chennai,2026-07-20 19:00:00,29.7,74,1006.8,0.2,11.1
Chennai,2026-07-20 20:00:00,29.6,76,1007.9,0.1,7.1
Chennai,2026-07-20 21:00:00,29.4,78,1008.7,0.0,5.6
Chennai,2026-07-20 22:00:00,28.8,81,1009.1,0.0,7.2
Chennai,2026-07-20 23:00:00,29.0,84,1008.3,0.0,3.5
Chennai,2026-07-21 00:00:00,28.8,86,1007.7,0.0,2.3
Chennai,2026-07-21 01:00:00,27.7,89,1007.6,0.0,7.8
Chennai,2026-07-21 02:00:00,27.4,89,1007.1,0.0,2.8
Chennai,2026-07-21 03:00:00,27.4,90,1007.1,0.0,1.7
Chennai,2026-07-21 04:00:00,27.3,91,1007.3,0.0,3.5
Chennai,2026-07-21 05:00:00,27.4,92,1007.2,0.0,6.7
Chennai,2026-07-21 06:00:00,27.6,90,1007.7,0.0,6.3
Chennai,2026-07-21 07:00:00,28.7,84,1008.5,0.0,6.8
Chennai,2026-07-21 08:00:00,29.5,76,1008.6,0.0,10.1
Chennai,2026-07-21 09:00:00,30.7,62,1008.9,0.0,12.6
Chennai,2026-07-21 10:00:00,31.5,59,1008.5,0.0,11.8
Chennai,2026-07-21 11:00:00,32.4,57,1007.9,0.0,11.2
Chennai,2026-07-21 12:00:00,33.2,54,1007.6,0.0,12.1
Chennai,2026-07-21 13:00:00,33.8,53,1006.8,0.0,10.1
Chennai,2026-07-21 14:00:00,34.2,53,1005.6,0.0,9.1
Chennai,2026-07-21 15:00:00,32.3,60,1005.4,0.4,12.8
Chennai,2026-07-21 16:00:00,32.3,62,1005.2,0.2,8.1
Chennai,2026-07-21 17:00:00,31.7,64,1005.5,0.0,9.5
Chennai,2026-07-21 18:00:00,31.2,67,1006.0,0.0,6.5
Chennai,2026-07-21 19:00:00,30.8,70,1006.7,0.0,5.9
Chennai,2026-07-21 20:00:00,30.3,71,1007.5,0.0,10.1
Chennai,2026-07-21 21:00:00,29.8,74,1008.0,0.0,12.8
Chennai,2026-07-21 22:00:00,29.4,84,1008.4,0.0,14.4
Chennai,2026-07-21 23:00:00,29.6,80,1008.1,0.0,14.5
Chennai,2026-07-22 00:00:00,29.2,78,1008.0,0.0,16.3
Chennai,2026-07-22 01:00:00,28.5,80,1007.4,0.2,11.6
Chennai,2026-07-22 02:00:00,28.4,79,1007.1,0.0,10.8
Chennai,2026-07-22 03:00:00,28.1,77,1007.0,0.0,11.1
Chennai,2026-07-22 04:00:00,27.8,77,1007.2,0.0,10.1
Chennai,2026-07-22 05:00:00,28.1,78,1007.0,0.0,9.4
Chennai,2026-07-22 06:00:00,28.0,78,1007.4,0.0,10.6
Chennai,2026-07-22 07:00:00,29.1,72,1008.1,0.0,10.1
Chennai,2026-07-22 08:00:00,30.6,61,1008.3,0.0,14.6
Chennai,2026-07-22 09:00:00,31.5,56,1008.4,0.0,14.6
Chennai,2026-07-22 10:00:00,32.5,54,1008.1,0.0,13.3
Chennai,2026-07-22 11:00:00,33.5,51,1008.0,0.0,11.6
Chennai,2026-07-22 12:00:00,34.4,49,1007.3,0.0,10.3
Chennai,2026-07-22 13:00:00,35.5,44,1006.5,0.0,8.1
Chennai,2026-07-22 14:00:00,34.9,45,1005.5,0.4,3.8
Chennai,2026-07-22 15:00:00,34.1,52,1005.0,0.3,7.1
Chennai,2026-07-22 16:00:00,32.5,67,1005.1,0.1,8.8
Chennai,2026-07-22 17:00:00,30.7,72,1005.7,0.2,14.1
Chennai,2026-07-22 18:00:00,30.5,72,1006.5,0.2,8.8
Chennai,2026-07-22 19:00:00,30.2,76,1007.4,0.0,7.1
Chennai,2026-07-22 20:00:00,30.0,77,1008.7,0.1,5.4
Chennai,2026-07-22 21:00:00,26.2,91,1010.3,5.4,15.5
Chennai,2026-07-22 22:00:00,26.2,96,1009.7,3.1,6.3
Chennai,2026-07-22 23:00:00,28.0,87,1008.8,0.0,9.4
Chennai,2026-07-23 00:00:00,28.0,86,1008.1,0.0,9.3
Chennai,2026-07-23 01:00:00,27.9,85,1007.5,0.0,9.4
Chennai,2026-07-23 02:00:00,27.8,86,1006.9,0.0,9.2
Chennai,2026-07-23 03:00:00,27.7,86,1006.8,0.0,9.4
Chennai,2026-07-23 04:00:00,27.6,85,1007.0,0.0,9.9
Chennai,2026-07-23 05:00:00,27.7,81,1007.0,0.0,8.7
Chennai,2026-07-23 06:00:00,27.7,82,1007.4,0.0,8.1
Chennai,2026-07-23 07:00:00,28.7,80,1008.1,0.0,6.7
Chennai,2026-07-23 08:00:00,30.1,74,1008.2,0.0,6.2
Chennai,2026-07-23 09:00:00,31.7,61,1008.0,0.0,8.9
Chennai,2026-07-23 10:00:00,32.7,54,1007.7,0.0,9.7
Chennai,2026-07-23 11:00:00,33.7,51,1007.1,0.0,6.9
Chennai,2026-07-23 12:00:00,33.9,50,1006.5,0.0,8.1
Chennai,2026-07-23 13:00:00,32.8,65,1005.7,0.5,11.0
Chennai,2026-07-23 14:00:00,32.0,69,1005.0,0.2,13.2
Chennai,2026-07-23 15:00:00,31.5,69,1005.0,0.2,17.0
Chennai,2026-07-23 16:00:00,30.7,71,1004.7,0.1,17.0
Chennai,2026-07-23 17:00:00,31.0,74,1004.6,0.0,15.2
Chennai,2026-07-23 18:00:00,30.2,80,1005.2,0.0,15.7
Chennai,2026-07-23 19:00:00,29.8,82,1005.9,0.0,15.0
Chennai,2026-07-23 20:00:00,29.6,82,1006.8,0.0,13.9
Chennai,2026-07-23 21:00:00,29.6,79,1007.5,0.0,10.0
Chennai,2026-07-23 22:00:00,29.3,79,1008.3,0.0,5.1
Chennai,2026-07-23 23:00:00,27.7,88,1008.6,0.0,10.0
Chennai,2026-07-24 00:00:00,26.2,90,1007.7,1.4,12.8
Chennai,2026-07-24 01:00:00,24.5,93,1008.0,2.9,14.7
Chennai,2026-07-24 02:00:00,24.7,93,1007.2,1.5,10.6
Chennai,2026-07-24 03:00:00,25.0,88,1006.4,0.4,13.6
Chennai,2026-07-24 04:00:00,25.2,88,1006.6,0.0,8.0
Chennai,2026-07-24 05:00:00,26.7,86,1006.3,0.0,7.3
Chennai,2026-07-24 06:00:00,26.9,86,1006.7,0.0,5.9
Chennai,2026-07-24 07:00:00,28.2,83,1007.5,0.0,5.2
Chennai,2026-07-24 08:00:00,29.7,75,1007.6,0.0,5.1
Chennai,2026-07-24 09:00:00,31.3,65,1007.6,0.0,7.4
Chennai,2026-07-24 10:00:00,32.3,61,1007.6,0.0,7.1
Chennai,2026-07-24 11:00:00,33.6,55,1006.9,0.0,7.5
Chennai,2026-07-24 12:00:00,34.3,52,1006.5,0.0,6.1
Chennai,2026-07-24 13:00:00,34.4,50,1005.6,0.0,2.4
Chennai,2026-07-24 14:00:00,33.9,54,1004.5,0.1,4.7
Chennai,2026-07-24 15:00:00,32.9,65,1004.2,0.2,5.9
Chennai,2026-07-24 16:00:00,32.4,70,1003.6,0.2,6.1
Chennai,2026-07-24 17:00:00,31.3,72,1004.7,0.2,8.1
Chennai,2026-07-24 18:00:00,30.6,77,1005.2,0.5,6.5
Chennai,2026-07-24 19:00:00,30.0,81,1005.9,0.1,6.5
Chennai,2026-07-24 20:00:00,29.6,83,1006.4,0.0,6.7
Chennai,2026-07-24 21:00:00,29.5,83,1007.0,0.0,8.6
Chennai,2026-07-24 22:00:00,29.5,82,1007.3,0.0,10.3
Chennai,2026-07-24 23:00:00,27.8,87,1007.9,0.0,10.8
Chennai,2026-07-25 00:00:00,26.0,95,1007.5,3.8,13.9
Chennai,2026-07-25 01:00:00,26.4,92,1006.9,0.3,11.2
Chennai,2026-07-25 02:00:00,26.2,92,1006.1,0.1,9.4
Chennai,2026-07-25 03:00:00,26.2,91,1005.9,0.0,10.8
Chennai,2026-07-25 04:00:00,26.3,89,1005.9,0.0,11.3
Chennai,2026-07-25 05:00:00,27.2,84,1006.2,0.0,9.7
Chennai,2026-07-25 06:00:00,27.2,85,1006.6,0.0,7.5
Chennai,2026-07-25 07:00:00,28.0,83,1007.0,0.0,6.1
Chennai,2026-07-25 08:00:00,29.5,77,1007.2,0.0,6.3
Chennai,2026-07-25 09:00:00,31.3,65,1007.4,0.0,8.2
Chennai,2026-07-25 10:00:00,32.4,56,1007.1,0.0,9.9
Chennai,2026-07-25 11:00:00,34.0,49,1006.4,0.0,10.9
Chennai,2026-07-25 12:00:00,35.0,47,1005.7,0.0,10.8
Chennai,2026-07-25 13:00:00,35.6,44,1005.1,0.0,8.7
Chennai,2026-07-25 14:00:00,35.2,43,1004.1,0.0,6.5
Chennai,2026-07-25 15:00:00,35.3,43,1003.4,0.0,6.1
Chennai,2026-07-25 16:00:00,34.7,45,1003.0,0.0,6.0
Chennai,2026-07-25 17:00:00,31.8,69,1003.6,0.0,9.8
Chennai,2026-07-25 18:00:00,30.5,76,1004.7,0.2,5.8
Chennai,2026-07-25 19:00:00,30.0,74,1005.0,0.0,9.2
Chennai,2026-07-25 20:00:00,29.7,79,1005.5,0.0,10.4
Chennai,2026-07-25 21:00:00,29.7,80,1006.1,0.0,10.5
Chennai,2026-07-25 22:00:00,29.6,78,1006.6,0.0,11.9
Chennai,2026-07-25 23:00:00,29.9,81,1005.6,0.0,15.2
Chennai,2026-07-26 00:00:00,29.7,81,1005.6,0.0,13.6
Chennai,2026-07-26 01:00:00,29.6,77,1005.3,0.0,12.4
Chennai,2026-07-26 02:00:00,28.7,80,1005.1,0.0,8.9
Chennai,2026-07-26 03:00:00,28.5,82,1004.9,0.1,8.1
Chennai,2026-07-26 04:00:00,28.5,81,1004.7,0.0,9.3
Chennai,2026-07-26 05:00:00,28.3,80,1005.0,0.0,12.2
Chennai,2026-07-26 06:00:00,28.3,77,1005.8,0.0,12.6
Chennai,2026-07-26 07:00:00,29.4,73,1006.5,0.0,10.0
Chennai,2026-07-26 08:00:00,30.1,65,1006.6,0.0,11.1
Chennai,2026-07-26 09:00:00,31.5,59,1006.8,0.0,12.8
Chennai,2026-07-26 10:00:00,32.0,57,1006.7,0.0,12.1
Chennai,2026-07-26 11:00:00,34.3,50,1005.9,0.0,11.6
Chennai,2026-07-26 12:00:00,35.3,45,1005.4,0.0,13.0
Chennai,2026-07-26 13:00:00,36.0,43,1004.6,0.0,12.5
Chennai,2026-07-26 14:00:00,36.4,42,1003.3,0.0,14.4
Chennai,2026-07-26 15:00:00,35.8,45,1003.1,0.1,17.5
Chennai,2026-07-26 16:00:00,32.8,55,1003.4,1.2,14.0
Chennai,2026-07-26 17:00:00,34.1,47,1002.7,0.0,5.5
Chennai,2026-07-26 18:00:00,33.1,53,1003.4,0.0,10.8
Chennai,2026-07-26 19:00:00,31.9,61,1004.4,0.0,10.5
Chennai,2026-07-26 20:00:00,31.7,63,1004.9,0.0,8.4
Chennai,2026-07-26 21:00:00,31.3,65,1005.5,0.0,9.6
Chennai,2026-07-26 22:00:00,31.0,67,1005.8,0.0,9.6
Chennai,2026-07-26 23:00:00,31.7,65,1005.0,0.0,9.9
Chennai,2026-07-27 00:00:00,31.1,66,1004.6,0.0,9.3
Chennai,2026-07-27 01:00:00,30.8,66,1004.2,0.0,10.4
Chennai,2026-07-27 02:00:00,30.7,61,1003.9,0.0,12.1
Chennai,2026-07-27 03:00:00,30.9,53,1003.8,0.0,13.7
Chennai,2026-07-27 04:00:00,30.6,53,1003.9,0.0,13.4
Chennai,2026-07-27 05:00:00,31.4,51,1003.7,0.0,16.8
Chennai,2026-07-27 06:00:00,30.9,53,1004.6,0.0,15.3
Chennai,2026-07-27 07:00:00,31.5,52,1005.4,0.0,13.3
Chennai,2026-07-27 08:00:00,32.4,50,1005.7,0.0,14.4
Chennai,2026-07-27 09:00:00,33.2,48,1005.9,0.0,13.9
Chennai,2026-07-27 10:00:00,34.4,45,1005.7,0.0,12.2
Chennai,2026-07-27 11:00:00,35.0,43,1005.2,0.0,11.0
Chennai,2026-07-27 12:00:00,36.9,41,1005.1,0.0,11.8
Chennai,2026-07-27 13:00:00,37.6,39,1004.2,0.0,8.0
Chennai,2026-07-27 14:00:00,35.8,43,1003.3,0.0,1.9
Chennai,2026-07-27 15:00:00,33.5,53,1002.8,0.6,11.7
Chennai,2026-07-27 16:00:00,31.8,60,1002.5,0.8,14.2
Chennai,2026-07-27 17:00:00,32.2,59,1002.7,0.0,9.9
Chennai,2026-07-27 18:00:00,32.2,58,1003.3,0.0,8.3
Chennai,2026-07-27 19:00:00,31.1,64,1003.3,0.0,11.6
Chennai,2026-07-27 20:00:00,30.6,66,1004.6,0.0,11.2
Chennai,2026-07-27 21:00:00,30.2,73,1005.1,0.0,11.2
Chennai,2026-07-27 22:00:00,30.1,76,1005.7,0.0,10.3
Chennai,2026-07-27 23:00:00,30.2,76,1004.5,0.2,13.6
Chennai,2026-07-28 00:00:00,30.0,74,1004.1,0.0,13.8
Chennai,2026-07-28 01:00:00,29.6,73,1003.5,0.0,15.2
Chennai,2026-07-28 02:00:00,29.3,73,1003.3,0.0,13.5
Chennai,2026-07-28 03:00:00,29.2,71,1002.9,0.0,12.3
Chennai,2026-07-28 04:00:00,29.2,68,1003.2,0.0,11.4
Chennai,2026-07-28 05:00:00,29.8,61,1003.4,0.0,14.3
Chennai,2026-07-28 06:00:00,29.1,64,1004.1,0.0,13.3
Chennai,2026-07-28 07:00:00,29.9,62,1004.8,0.0,12.0
Chennai,2026-07-28 08:00:00,31.1,57,1005.3,0.0,15.5
Chennai,2026-07-28 09:00:00,32.3,54,1005.1,0.0,16.5
Chennai,2026-07-28 10:00:00,33.6,50,1005.0,0.0,16.6
Chennai,2026-07-28 11:00:00,34.7,47,1004.4,0.0,18.1
Chennai,2026-07-28 12:00:00,35.0,47,1003.9,0.0,19.2
Chennai,2026-07-28 13:00:00,36.2,43,1003.0,0.0,16.3
Chennai,2026-07-28 14:00:00,36.7,40,1001.5,0.0,18.8
Chennai,2026-07-28 15:00:00,37.0,37,1000.9,0.0,18.8
Chennai,2026-07-28 16:00:00,37.0,38,1000.4,0.0,10.1
Chennai,2026-07-28 17:00:00,36.5,38,1000.4,0.0,9.5
Chennai,2026-07-28 18:00:00,34.7,49,1001.2,0.0,9.2
Chennai,2026-07-28 19:00:00,32.7,62,1002.0,0.0,14.6
Chennai,2026-07-28 20:00:00,31.5,72,1003.2,0.0,11.4
Chennai,2026-07-28 21:00:00,31.0,71,1003.6,0.0,16.2
Chennai,2026-07-28 22:00:00,30.3,78,1004.4,0.1,15.7
Chennai,2026-07-28 23:00:00,31.2,73,1003.5,0.0,13.3
Chennai,2026-07-29 00:00:00,30.4,73,1003.3,0.0,14.7
Chennai,2026-07-29 01:00:00,30.2,68,1003.3,0.0,14.7
Chennai,2026-07-29 02:00:00,30.3,59,1002.9,0.0,16.1
Chennai,2026-07-29 03:00:00,30.2,57,1002.5,0.0,17.2
Chennai,2026-07-29 04:00:00,29.8,57,1002.7,0.0,17.1
Chennai,2026-07-29 05:00:00,29.7,58,1002.6,0.0,16.7
Chennai,2026-07-29 06:00:00,29.4,60,1003.2,0.0,16.9
Chennai,2026-07-29 07:00:00,30.0,58,1004.1,0.0,15.1
Chennai,2026-07-29 08:00:00,31.2,56,1004.3,0.0,17.4
Chennai,2026-07-29 09:00:00,32.3,53,1004.3,0.0,17.0
Chennai,2026-07-29 10:00:00,33.4,50,1003.9,0.0,16.1
Chennai,2026-07-29 11:00:00,34.6,46,1003.5,0.0,23.1
Chennai,2026-07-29 12:00:00,34.9,47,1003.1,0.0,17.0
Chennai,2026-07-29 13:00:00,36.2,43,1002.0,0.0,16.1
Chennai,2026-07-29 14:00:00,36.6,39,1000.7,0.1,17.3
Chennai,2026-07-29 15:00:00,36.9,38,1000.0,0.1,13.0
Chennai,2026-07-29 16:00:00,36.4,38,999.3,0.1,11.1
Chennai,2026-07-29 17:00:00,35.2,46,999.8,0.5,13.6
Chennai,2026-07-29 18:00:00,33.2,60,1000.4,0.0,9.4
Chennai,2026-07-29 19:00:00,32.4,66,1001.0,0.1,9.5
Chennai,2026-07-29 20:00:00,31.7,67,1002.3,0.1,5.4
Chennai,2026-07-29 21:00:00,31.4,67,1003.3,0.4,1.0
Chennai,2026-07-29 22:00:00,31.0,60,1003.6,0.1,10.5
Chennai,2026-07-29 23:00:00,32.3,54,1002.8,0.0,17.3
Chennai,2026-07-30 00:00:00,31.2,57,1002.6,0.0,16.5
Chennai,2026-07-30 01:00:00,30.3,58,1001.8,0.0,14.1
Chennai,2026-07-30 02:00:00,29.9,59,1001.5,0.0,13.6
Chennai,2026-07-30 03:00:00,29.6,60,1001.0,0.0,13.6
Chennai,2026-07-30 04:00:00,29.4,60,1001.0,0.0,14.2
Chennai,2026-07-30 05:00:00,30.1,56,1001.4,0.0,16.5
Chennai,2026-07-30 06:00:00,29.4,60,1001.5,0.0,16.0
Chennai,2026-07-30 07:00:00,30.1,59,1001.9,0.0,14.4
Chennai,2026-07-30 08:00:00,31.3,55,1002.1,0.0,17.1
Chennai,2026-07-30 09:00:00,32.5,52,1002.2,0.0,18.0
Chennai,2026-07-30 10:00:00,34.2,47,1002.3,0.0,18.5
Chennai,2026-07-30 11:00:00,35.0,44,1002.0,0.0,21.9
Chennai,2026-07-30 12:00:00,35.2,44,1001.9,0.0,20.5
Chennai,2026-07-30 13:00:00,35.9,41,1001.0,0.1,18.5
Chennai,2026-07-30 14:00:00,36.7,38,999.6,0.1,17.9
Chennai,2026-07-30 15:00:00,37.2,35,998.6,0.1,18.1
Chennai,2026-07-30 16:00:00,36.3,38,998.2,0.0,16.4
Chennai,2026-07-30 17:00:00,36.1,38,998.8,0.5,15.6
Chennai,2026-07-30 18:00:00,34.2,47,999.4,0.0,11.8
Chennai,2026-07-30 19:00:00,31.5,67,1000.5,0.0,13.7
Chennai,2026-07-30 20:00:00,30.9,72,1001.8,0.3,13.6
Chennai,2026-07-30 21:00:00,30.7,73,1002.3,0.0,11.7
Chennai,2026-07-30 22:00:00,30.3,74,1002.9,0.0,11.1
Chennai,2026-07-30 23:00:00,30.9,65,1002.2,0.0,15.6
Bangalore,2026-07-01 00:00:00,21.7,83,1011.6,0.0,14.2
Bangalore,2026-07-01 01:00:00,21.3,85,1011.0,0.0,15.5
Bangalore,2026-07-01 02:00:00,20.8,88,1010.7,0.0,14.7
Bangalore,2026-07-01 03:00:00,20.5,89,1010.6,0.0,14.6
Bangalore,2026-07-01 04:00:00,20.5,89,1010.2,0.0,15.1
Bangalore,2026-07-01 05:00:00,21.2,88,1010.2,0.0,16.2
Bangalore,2026-07-01 06:00:00,21.3,86,1010.8,0.0,14.7
Bangalore,2026-07-01 07:00:00,21.6,84,1011.1,0.0,16.9
Bangalore,2026-07-01 08:00:00,22.1,81,1011.1,0.0,19.1
Bangalore,2026-07-01 09:00:00,23.2,76,1011.0,0.0,21.3
Bangalore,2026-07-01 10:00:00,24.1,73,1010.8,0.1,21.1
Bangalore,2026-07-01 11:00:00,24.4,70,1010.7,0.1,23.5
Bangalore,2026-07-01 12:00:00,24.1,71,1010.6,0.2,21.8
Bangalore,2026-07-01 13:00:00,24.6,70,1009.7,0.4,19.5
Bangalore,2026-07-01 14:00:00,25.7,63,1008.7,0.1,20.4
Bangalore,2026-07-01 15:00:00,25.6,64,1008.2,0.0,22.5
Bangalore,2026-07-01 16:00:00,25.8,61,1008.0,0.0,22.6
Bangalore,2026-07-01 17:00:00,25.1,66,1008.3,0.0,20.9
Bangalore,2026-07-01 18:00:00,23.3,74,1009.4,0.0,19.2
Bangalore,2026-07-01 19:00:00,22.2,83,1010.2,0.1,18.7
Bangalore,2026-07-01 20:00:00,21.9,85,1010.8,0.0,16.6
Bangalore,2026-07-01 21:00:00,21.8,85,1011.5,0.0,14.7
Bangalore,2026-07-01 22:00:00,21.6,86,1012.0,0.1,15.5
Bangalore,2026-07-01 23:00:00,21.8,83,1011.6,0.0,16.1
Bangalore,2026-07-02 00:00:00,21.3,86,1011.5,0.0,15.1
Bangalore,2026-07-02 01:00:00,21.2,88,1011.0,0.0,15.2
Bangalore,2026-07-02 02:00:00,21.0,91,1010.2,0.0,15.3
Bangalore,2026-07-02 03:00:00,20.8,93,1010.0,0.0,16.3
Bangalore,2026-07-02 04:00:00,20.8,93,1009.9,0.0,15.1
Bangalore,2026-07-02 05:00:00,20.9,94,1009.6,0.0,15.4
Bangalore,2026-07-02 06:00:00,20.9,93,1010.4,0.1,14.6
Bangalore,2026-07-02 07:00:00,21.7,88,1010.7,0.1,16.0
Bangalore,2026-07-02 08:00:00,23.0,80,1010.6,0.1,19.1
Bangalore,2026-07-02 09:00:00,24.6,71,1010.7,0.1,20.7
Bangalore,2026-07-02 10:00:00,27.0,58,1009.9,0.1,21.5
Bangalore,2026-07-02 11:00:00,27.8,58,1009.6,0.0,21.2
Bangalore,2026-07-02 12:00:00,28.5,55,1009.4,0.1,21.2
Bangalore,2026-07-02 13:00:00,28.9,54,1008.6,0.0,21.9
Bangalore,2026-07-02 14:00:00,27.0,59,1008.2,0.3,24.1
Bangalore,2026-07-02 15:00:00,27.7,57,1007.5,0.1,20.1
Bangalore,2026-07-02 16:00:00,27.3,58,1007.5,0.1,23.4
Bangalore,2026-07-02 17:00:00,26.4,62,1008.3,0.0,18.9
Bangalore,2026-07-02 18:00:00,25.0,70,1009.2,0.0,17.5
Bangalore,2026-07-02 19:00:00,23.9,78,1010.0,0.0,15.5
Bangalore,2026-07-02 20:00:00,23.7,79,1010.9,0.1,16.2
Bangalore,2026-07-02 21:00:00,23.1,81,1011.5,0.0,17.4
Bangalore,2026-07-02 22:00:00,22.7,82,1012.2,0.0,17.1
Bangalore,2026-07-02 23:00:00,21.9,82,1012.1,0.0,15.4
Bangalore,2026-07-03 00:00:00,21.7,83,1011.5,0.0,15.1
Bangalore,2026-07-03 01:00:00,21.5,85,1010.8,0.0,14.1
Bangalore,2026-07-03 02:00:00,21.4,87,1010.7,0.0,14.2
Bangalore,2026-07-03 03:00:00,21.4,87,1010.2,0.0,13.4
Bangalore,2026-07-03 04:00:00,21.4,88,1010.3,0.0,12.6
Bangalore,2026-07-03 05:00:00,21.4,88,1010.6,0.0,12.0
Bangalore,2026-07-03 06:00:00,21.2,90,1011.0,0.0,12.6
Bangalore,2026-07-03 07:00:00,22.0,86,1011.3,0.0,13.2
Bangalore,2026-07-03 08:00:00,22.9,82,1011.1,0.1,17.4
Bangalore,2026-07-03 09:00:00,25.2,68,1010.7,0.2,21.2
Bangalore,2026-07-03 10:00:00,26.2,63,1010.5,0.4,22.6
Bangalore,2026-07-03 11:00:00,27.7,54,1010.2,0.5,25.9
Bangalore,2026-07-03 12:00:00,27.5,54,1010.2,0.4,25.2
Bangalore,2026-07-03 13:00:00,27.4,54,1009.8,0.1,24.7
Bangalore,2026-07-03 14:00:00,27.1,56,1009.2,0.0,24.1
Bangalore,2026-07-03 15:00:00,25.5,64,1009.2,0.2,24.1
Bangalore,2026-07-03 16:00:00,24.5,73,1008.9,0.5,21.3
Bangalore,2026-07-03 17:00:00,24.0,80,1009.4,0.1,11.0
Bangalore,2026-07-03 18:00:00,24.4,75,1009.2,0.0,14.2
Bangalore,2026-07-03 19:00:00,23.9,72,1010.1,0.2,19.1
Bangalore,2026-07-03 20:00:00,23.3,77,1010.9,0.0,18.0
Bangalore,2026-07-03 21:00:00,23.0,79,1011.6,0.1,19.5
Bangalore,2026-07-03 22:00:00,22.6,82,1011.9,0.0,16.7
Bangalore,2026-07-03 23:00:00,22.8,79,1011.3,0.1,17.2
Bangalore,2026-07-04 00:00:00,22.0,85,1010.9,0.2,16.5
Bangalore,2026-07-04 01:00:00,21.6,89,1010.5,0.2,17.2
Bangalore,2026-07-04 02:00:00,21.2,92,1010.1,0.3,19.3
Bangalore,2026-07-04 03:00:00,21.0,94,1009.5,0.5,20.8
Bangalore,2026-07-04 04:00:00,21.0,94,1009.7,0.1,21.0
Bangalore,2026-07-04 05:00:00,21.0,91,1010.1,0.1,18.7
Bangalore,2026-07-04 06:00:00,20.7,91,1010.4,0.4,19.3
Bangalore,2026-07-04 07:00:00,20.9,92,1010.8,0.4,19.4
Bangalore,2026-07-04 08:00:00,21.5,89,1011.0,0.4,19.8
Bangalore,2026-07-04 09:00:00,22.2,84,1011.0,0.4,21.0
Bangalore,2026-07-04 10:00:00,23.9,74,1010.5,0.3,23.3
Bangalore,2026-07-04 11:00:00,24.8,70,1009.9,0.1,23.9
Bangalore,2026-07-04 12:00:00,26.0,63,1009.2,0.2,26.2
Bangalore,2026-07-04 13:00:00,26.7,56,1008.3,0.1,26.2
Bangalore,2026-07-04 14:00:00,27.6,53,1007.4,0.1,27.4
Bangalore,2026-07-04 15:00:00,27.2,53,1006.7,0.0,25.9
Bangalore,2026-07-04 16:00:00,27.0,54,1006.8,0.0,27.9
Bangalore,2026-07-04 17:00:00,26.0,58,1007.2,0.1,23.6
Bangalore,2026-07-04 18:00:00,24.6,65,1008.2,0.0,22.3
Bangalore,2026-07-04 19:00:00,23.6,71,1009.0,0.0,20.4
Bangalore,2026-07-04 20:00:00,22.9,76,1009.7,0.0,20.0
Bangalore,2026-07-04 21:00:00,22.5,80,1010.3,0.0,18.7
Bangalore,2026-07-04 22:00:00,21.9,84,1010.3,0.0,19.7
Bangalore,2026-07-04 23:00:00,21.7,86,1010.0,0.0,18.3
Bangalore,2026-07-05 00:00:00,21.6,87,1009.9,0.0,17.5
Bangalore,2026-07-05 01:00:00,21.4,89,1009.5,0.1,18.4
Bangalore,2026-07-05 02:00:00,21.3,89,1008.8,0.1,20.0
Bangalore,2026-07-05 03:00:00,21.1,88,1008.8,0.0,19.3
Bangalore,2026-07-05 04:00:00,21.1,87,1009.1,0.0,18.9
Bangalore,2026-07-05 05:00:00,21.6,87,1008.7,0.0,18.8
Bangalore,2026-07-05 06:00:00,21.6,87,1009.2,0.0,18.2
Bangalore,2026-07-05 07:00:00,22.0,87,1009.8,0.1,15.9
Bangalore,2026-07-05 08:00:00,22.6,83,1010.1,0.0,20.4
Bangalore,2026-07-05 09:00:00,24.6,69,1009.8,0.1,24.3
Bangalore,2026-07-05 10:00:00,26.2,60,1009.5,0.0,27.2
Bangalore,2026-07-05 11:00:00,26.7,55,1009.3,0.1,27.2
Bangalore,2026-07-05 12:00:00,27.8,50,1008.8,0.3,28.7
Bangalore,2026-07-05 13:00:00,27.8,52,1008.1,0.3,29.6
Bangalore,2026-07-05 14:00:00,28.6,47,1007.0,0.1,29.9
Bangalore,2026-07-05 15:00:00,28.6,46,1006.8,0.0,28.0
Bangalore,2026-07-05 16:00:00,27.9,46,1006.8,0.0,27.4
Bangalore,2026-07-05 17:00:00,26.3,50,1007.6,0.0,23.4
Bangalore,2026-07-05 18:00:00,25.3,55,1008.3,0.0,23.7
Bangalore,2026-07-05 19:00:00,23.8,63,1008.8,0.0,22.9
Bangalore,2026-07-05 20:00:00,22.8,69,1009.5,0.0,20.7
Bangalore,2026-07-05 21:00:00,22.1,73,1010.2,0.0,19.4
Bangalore,2026-07-05 22:00:00,21.5,77,1010.6,0.0,18.6
Bangalore,2026-07-05 23:00:00,21.5,77,1010.0,0.0,19.6
Bangalore,2026-07-06 00:00:00,21.1,79,1009.5,0.0,19.4
Bangalore,2026-07-06 01:00:00,20.9,82,1009.0,0.0,19.0
Bangalore,2026-07-06 02:00:00,20.9,82,1008.8,0.0,19.2
Bangalore,2026-07-06 03:00:00,20.9,83,1008.9,0.0,19.8
Bangalore,2026-07-06 04:00:00,20.7,85,1008.9,0.0,19.0
Bangalore,2026-07-06 05:00:00,21.3,85,1008.9,0.0,19.0
Bangalore,2026-07-06 06:00:00,21.3,85,1009.2,0.0,18.5
Bangalore,2026-07-06 07:00:00,21.9,81,1010.0,0.0,21.2
Bangalore,2026-07-06 08:00:00,23.7,71,1010.0,0.0,25.0
Bangalore,2026-07-06 09:00:00,25.2,64,1009.8,0.1,25.8
Bangalore,2026-07-06 10:00:00,26.1,61,1010.1,0.1,26.8
Bangalore,2026-07-06 11:00:00,27.5,54,1009.4,0.1,28.3
Bangalore,2026-07-06 12:00:00,28.5,50,1008.4,0.1,28.0
Bangalore,2026-07-06 13:00:00,28.8,48,1007.8,0.3,28.7
Bangalore,2026-07-06 14:00:00,29.1,49,1007.0,0.0,27.6
Bangalore,2026-07-06 15:00:00,28.7,49,1006.8,0.2,29.7
Bangalore,2026-07-06 16:00:00,28.1,51,1006.9,0.1,27.2
Bangalore,2026-07-06 17:00:00,27.6,52,1007.2,0.1,24.0
Bangalore,2026-07-06 18:00:00,25.9,60,1008.2,0.0,22.1
Bangalore,2026-07-06 19:00:00,24.6,66,1009.1,0.0,19.1
Bangalore,2026-07-06 20:00:00,23.6,73,1010.3,0.0,19.0
Bangalore,2026-07-06 21:00:00,22.8,79,1010.8,0.0,18.8
Bangalore,2026-07-06 22:00:00,22.2,83,1010.9,0.0,18.2
Bangalore,2026-07-06 23:00:00,22.1,85,1010.4,0.0,17.7
Bangalore,2026-07-07 00:00:00,21.8,87,1009.9,0.0,18.0
Bangalore,2026-07-07 01:00:00,21.6,89,1009.4,0.1,19.6
Bangalore,2026-07-07 02:00:00,21.4,89,1009.0,0.1,19.2
Bangalore,2026-07-07 03:00:00,21.2,88,1009.1,0.0,19.1
Bangalore,2026-07-07 04:00:00,21.1,88,1009.5,0.0,19.1
Bangalore,2026-07-07 05:00:00,21.7,87,1009.1,0.0,19.6
Bangalore,2026-07-07 06:00:00,21.8,86,1010.1,0.0,20.4
Bangalore,2026-07-07 07:00:00,22.7,81,1010.7,0.0,20.9
Bangalore,2026-07-07 08:00:00,24.1,73,1011.0,0.1,25.5
Bangalore,2026-07-07 09:00:00,24.6,69,1011.1,0.1,27.0
Bangalore,2026-07-07 10:00:00,25.6,66,1010.6,0.0,26.2
Bangalore,2026-07-07 11:00:00,26.0,64,1010.4,0.1,25.9
Bangalore,2026-07-07 12:00:00,27.4,57,1009.9,0.1,27.4
Bangalore,2026-07-07 13:00:00,28.3,53,1009.0,0.1,26.9
Bangalore,2026-07-07 14:00:00,28.6,49,1008.1,0.1,27.8
Bangalore,2026-07-07 15:00:00,27.8,53,1007.9,0.1,28.1
Bangalore,2026-07-07 16:00:00,27.2,53,1007.9,0.0,28.8
Bangalore,2026-07-07 17:00:00,26.9,56,1008.0,0.0,25.7
Bangalore,2026-07-07 18:00:00,25.1,63,1009.1,0.0,24.4
Bangalore,2026-07-07 19:00:00,23.9,68,1010.1,0.0,22.9
Bangalore,2026-07-07 20:00:00,23.2,73,1010.6,0.0,20.7
Bangalore,2026-07-07 21:00:00,22.6,77,1011.5,0.0,20.2
Bangalore,2026-07-07 22:00:00,22.1,80,1011.9,0.0,19.6
Bangalore,2026-07-07 23:00:00,22.0,80,1011.3,0.0,18.4
Bangalore,2026-07-08 00:00:00,21.7,82,1010.5,0.0,18.8
Bangalore,2026-07-08 01:00:00,21.6,84,1010.0,0.0,18.7
Bangalore,2026-07-08 02:00:00,21.5,84,1009.9,0.0,19.6
Bangalore,2026-07-08 03:00:00,21.3,85,1009.8,0.0,19.9
Bangalore,2026-07-08 04:00:00,21.1,86,1009.7,0.0,20.2
Bangalore,2026-07-08 05:00:00,21.5,87,1009.6,0.0,19.0
Bangalore,2026-07-08 06:00:00,21.5,88,1010.1,0.0,19.9
Bangalore,2026-07-08 07:00:00,22.5,84,1010.5,0.0,16.2
Bangalore,2026-07-08 08:00:00,24.3,73,1010.5,0.1,23.6
Bangalore,2026-07-08 09:00:00,25.6,67,1010.4,0.1,24.4
Bangalore,2026-07-08 10:00:00,26.6,62,1010.2,0.1,25.5
Bangalore,2026-07-08 11:00:00,26.0,64,1010.1,0.1,21.7
Bangalore,2026-07-08 12:00:00,26.6,60,1009.6,0.0,21.9
Bangalore,2026-07-08 13:00:00,28.2,53,1008.4,0.0,21.1
Bangalore,2026-07-08 14:00:00,28.6,53,1007.6,0.0,22.5
Bangalore,2026-07-08 15:00:00,24.9,75,1008.5,1.4,15.1
Bangalore,2026-07-08 16:00:00,25.7,74,1008.2,0.2,16.6
Bangalore,2026-07-08 17:00:00,25.3,74,1008.6,0.3,12.8
Bangalore,2026-07-08 18:00:00,25.0,71,1009.1,0.0,14.7
Bangalore,2026-07-08 19:00:00,24.6,70,1010.0,0.0,16.9
Bangalore,2026-07-08 20:00:00,24.0,72,1010.4,0.0,16.1
Bangalore,2026-07-08 21:00:00,22.8,76,1011.0,0.0,16.6
Bangalore,2026-07-08 22:00:00,22.1,83,1011.4,0.0,16.7
Bangalore,2026-07-08 23:00:00,22.4,87,1010.9,0.0,14.3
Bangalore,2026-07-09 00:00:00,22.2,89,1010.6,0.0,14.5
Bangalore,2026-07-09 01:00:00,22.0,90,1010.2,0.0,13.6
Bangalore,2026-07-09 02:00:00,21.8,90,1010.2,0.0,14.6
Bangalore,2026-07-09 03:00:00,21.5,90,1010.0,0.0,15.6
Bangalore,2026-07-09 04:00:00,21.2,91,1010.5,0.0,14.7
Bangalore,2026-07-09 05:00:00,21.9,90,1010.4,0.0,12.9
Bangalore,2026-07-09 06:00:00,21.9,90,1010.9,0.0,12.2
Bangalore,2026-07-09 07:00:00,22.7,86,1011.8,0.1,14.3
Bangalore,2026-07-09 08:00:00,24.4,74,1012.0,0.0,16.8
Bangalore,2026-07-09 09:00:00,25.9,66,1011.7,0.1,19.1
Bangalore,2026-07-09 10:00:00,26.1,65,1012.0,0.1,19.8
Bangalore,2026-07-09 11:00:00,25.7,67,1011.8,0.0,17.0
Bangalore,2026-07-09 12:00:00,26.2,62,1011.1,0.0,16.3
Bangalore,2026-07-09 13:00:00,28.1,54,1009.9,0.0,16.9
Bangalore,2026-07-09 14:00:00,27.8,58,1009.2,0.0,15.2
Bangalore,2026-07-09 15:00:00,28.8,54,1008.2,0.0,15.1
Bangalore,2026-07-09 16:00:00,29.6,51,1007.6,0.0,15.8
Bangalore,2026-07-09 17:00:00,27.3,57,1008.8,0.4,15.1
Bangalore,2026-07-09 18:00:00,26.1,64,1009.6,0.1,14.8
Bangalore,2026-07-09 19:00:00,24.9,70,1010.7,0.0,11.7
Bangalore,2026-07-09 20:00:00,24.4,73,1011.6,0.0,11.8
Bangalore,2026-07-09 21:00:00,23.9,76,1012.6,0.0,14.2
Bangalore,2026-07-09 22:00:00,23.0,80,1012.9,0.0,12.3
Bangalore,2026-07-09 23:00:00,23.1,81,1012.5,0.0,10.9
Bangalore,2026-07-10 00:00:00,22.5,83,1012.1,0.0,11.6
Bangalore,2026-07-10 01:00:00,22.1,86,1011.4,0.0,12.1
Bangalore,2026-07-10 02:00:00,21.9,88,1010.9,0.0,12.7
Bangalore,2026-07-10 03:00:00,21.7,89,1010.9,0.0,12.8
Bangalore,2026-07-10 04:00:00,21.4,89,1011.4,0.0,12.8
Bangalore,2026-07-10 05:00:00,21.4,91,1011.7,0.0,11.3
Bangalore,2026-07-10 06:00:00,21.5,90,1012.2,0.0,12.4
Bangalore,2026-07-10 07:00:00,22.4,85,1013.2,0.0,14.8
Bangalore,2026-07-10 08:00:00,24.1,74,1013.5,0.2,15.9
Bangalore,2026-07-10 09:00:00,26.2,63,1013.1,0.1,16.8
Bangalore,2026-07-10 10:00:00,27.7,55,1012.4,0.2,16.6
Bangalore,2026-07-10 11:00:00,28.0,53,1012.4,0.4,15.9
Bangalore,2026-07-10 12:00:00,28.3,52,1011.6,0.1,13.8
Bangalore,2026-07-10 13:00:00,28.9,50,1010.5,0.1,13.3
Bangalore,2026-07-10 14:00:00,29.9,47,1009.7,0.1,12.1
Bangalore,2026-07-10 15:00:00,26.9,60,1009.9,0.7,17.2
Bangalore,2026-07-10 16:00:00,24.8,75,1011.0,0.7,16.0
Bangalore,2026-07-10 17:00:00,26.3,65,1010.8,0.4,11.4
Bangalore,2026-07-10 18:00:00,24.7,69,1012.1,0.1,13.1
Bangalore,2026-07-10 19:00:00,23.6,78,1012.9,0.2,11.7
Bangalore,2026-07-10 20:00:00,22.7,83,1013.8,0.0,10.2
Bangalore,2026-07-10 21:00:00,22.1,86,1014.1,0.0,10.2
Bangalore,2026-07-10 22:00:00,21.9,88,1014.1,0.0,10.7
Bangalore,2026-07-10 23:00:00,22.2,90,1013.9,0.0,12.0
Bangalore,2026-07-11 00:00:00,21.8,90,1013.1,0.0,13.3
Bangalore,2026-07-11 01:00:00,21.4,90,1012.1,0.0,13.2
Bangalore,2026-07-11 02:00:00,21.0,91,1011.3,0.0,12.5
Bangalore,2026-07-11 03:00:00,20.7,92,1011.2,0.0,13.3
Bangalore,2026-07-11 04:00:00,20.4,94,1011.4,0.0,13.1
Bangalore,2026-07-11 05:00:00,20.5,94,1011.5,0.0,12.7
Bangalore,2026-07-11 06:00:00,20.4,93,1012.3,0.0,11.8
Bangalore,2026-07-11 07:00:00,21.7,85,1012.8,0.0,13.9
Bangalore,2026-07-11 08:00:00,23.5,74,1012.9,0.0,15.1
Bangalore,2026-07-11 09:00:00,25.6,62,1012.7,0.0,16.4
Bangalore,2026-07-11 10:00:00,27.0,56,1012.4,0.0,16.4
Bangalore,2026-07-11 11:00:00,28.5,47,1011.9,0.0,17.0
Bangalore,2026-07-11 12:00:00,28.9,45,1011.4,0.0,16.4
Bangalore,2026-07-11 13:00:00,30.5,39,1009.9,0.0,17.0
Bangalore,2026-07-11 14:00:00,30.4,39,1008.8,0.0,17.7
Bangalore,2026-07-11 15:00:00,30.7,38,1008.0,0.0,16.5
Bangalore,2026-07-11 16:00:00,30.8,37,1007.4,0.0,15.9
Bangalore,2026-07-11 17:00:00,29.9,43,1007.8,0.0,17.0
Bangalore,2026-07-11 18:00:00,28.4,49,1008.6,0.0,12.2
Bangalore,2026-07-11 19:00:00,27.2,56,1009.7,0.0,13.6
Bangalore,2026-07-11 20:00:00,26.0,63,1010.7,0.0,11.7
Bangalore,2026-07-11 21:00:00,24.8,70,1011.7,0.0,10.3
Bangalore,2026-07-11 22:00:00,23.9,76,1012.2,0.0,9.0
Bangalore,2026-07-11 23:00:00,23.4,83,1012.2,0.0,9.5
Bangalore,2026-07-12 00:00:00,22.7,87,1011.7,0.0,9.6
Bangalore,2026-07-12 01:00:00,22.0,90,1010.8,0.0,9.9
Bangalore,2026-07-12 02:00:00,21.7,91,1010.1,0.0,10.5
Bangalore,2026-07-12 03:00:00,21.1,94,1010.0,0.0,10.2
Bangalore,2026-07-12 04:00:00,20.6,95,1009.9,0.0,9.9
Bangalore,2026-07-12 05:00:00,20.9,93,1009.8,0.0,10.6
Bangalore,2026-07-12 06:00:00,20.7,95,1010.2,0.0,11.0
Bangalore,2026-07-12 07:00:00,22.0,85,1010.6,0.0,14.3
Bangalore,2026-07-12 08:00:00,23.3,75,1010.7,0.0,14.6
Bangalore,2026-07-12 09:00:00,26.0,61,1010.5,0.0,15.7
Bangalore,2026-07-12 10:00:00,27.5,56,1010.1,0.0,15.1
Bangalore,2026-07-12 11:00:00,29.2,48,1009.4,0.0,16.4
Bangalore,2026-07-12 12:00:00,30.3,45,1008.4,0.0,16.2
Bangalore,2026-07-12 13:00:00,31.5,42,1007.4,0.0,16.8
Bangalore,2026-07-12 14:00:00,31.8,41,1006.1,0.0,17.4
Bangalore,2026-07-12 15:00:00,31.7,41,1006.0,0.0,16.5
Bangalore,2026-07-12 16:00:00,31.5,41,1005.8,0.0,15.8
Bangalore,2026-07-12 17:00:00,30.3,43,1006.5,0.0,16.2
Bangalore,2026-07-12 18:00:00,28.0,52,1007.2,0.0,13.5
Bangalore,2026-07-12 19:00:00,26.3,60,1008.4,0.0,14.2
Bangalore,2026-07-12 20:00:00,25.3,65,1009.9,0.0,17.1
Bangalore,2026-07-12 21:00:00,24.2,70,1010.7,0.0,14.7
Bangalore,2026-07-12 22:00:00,23.2,76,1011.1,0.0,12.4
Bangalore,2026-07-12 23:00:00,22.9,79,1010.9,0.0,12.6
Bangalore,2026-07-13 00:00:00,22.1,84,1010.8,0.0,12.8
Bangalore,2026-07-13 01:00:00,21.5,88,1010.4,0.0,13.1
Bangalore,2026-07-13 02:00:00,21.0,90,1009.7,0.0,12.6
Bangalore,2026-07-13 03:00:00,20.5,92,1009.9,0.0,12.3
Bangalore,2026-07-13 04:00:00,20.2,93,1009.9,0.0,12.4
Bangalore,2026-07-13 05:00:00,20.4,93,1010.3,0.0,12.8
Bangalore,2026-07-13 06:00:00,20.7,90,1011.1,0.0,13.5
Bangalore,2026-07-13 07:00:00,21.8,83,1011.5,0.0,16.4
Bangalore,2026-07-13 08:00:00,23.7,71,1011.5,0.0,17.8
Bangalore,2026-07-13 09:00:00,25.8,60,1011.3,0.0,18.2
Bangalore,2026-07-13 10:00:00,27.5,54,1010.9,0.0,16.4
Bangalore,2026-07-13 11:00:00,28.8,48,1010.8,0.0,15.7
Bangalore,2026-07-13 12:00:00,30.2,42,1009.9,0.0,15.9
Bangalore,2026-07-13 13:00:00,31.3,38,1009.0,0.0,15.6
Bangalore,2026-07-13 14:00:00,31.6,38,1007.9,0.0,15.2
Bangalore,2026-07-13 15:00:00,31.8,38,1007.2,0.0,15.4
Bangalore,2026-07-13 16:00:00,31.5,38,1006.9,0.0,14.8
Bangalore,2026-07-13 17:00:00,30.9,39,1007.1,0.0,14.4
Bangalore,2026-07-13 18:00:00,29.4,44,1007.9,0.0,14.3
Bangalore,2026-07-13 19:00:00,28.0,49,1009.0,0.0,14.1
Bangalore,2026-07-13 20:00:00,26.9,53,1010.2,0.0,14.3
Bangalore,2026-07-13 21:00:00,25.4,60,1011.0,0.0,13.8
Bangalore,2026-07-13 22:00:00,24.4,66,1011.7,0.0,12.2
Bangalore,2026-07-13 23:00:00,23.9,70,1011.3,0.0,12.1
Bangalore,2026-07-14 00:00:00,22.8,76,1011.0,0.0,11.4
Bangalore,2026-07-14 01:00:00,21.9,82,1010.6,0.0,10.6
Bangalore,2026-07-14 02:00:00,21.2,89,1010.1,0.0,11.2
Bangalore,2026-07-14 03:00:00,20.5,94,1009.8,0.0,11.2
Bangalore,2026-07-14 04:00:00,19.9,96,1009.9,0.0,10.6
Bangalore,2026-07-14 05:00:00,20.1,93,1010.6,0.0,10.3
Bangalore,2026-07-14 06:00:00,20.1,91,1011.1,0.0,9.1
Bangalore,2026-07-14 07:00:00,21.0,84,1011.6,0.0,11.2
Bangalore,2026-07-14 08:00:00,22.9,73,1011.7,0.0,11.4
Bangalore,2026-07-14 09:00:00,25.3,60,1011.4,0.0,12.9
Bangalore,2026-07-14 10:00:00,27.4,50,1011.1,0.0,14.0
Bangalore,2026-07-14 11:00:00,28.9,47,1010.6,0.0,13.3
Bangalore,2026-07-14 12:00:00,30.3,41,1009.7,0.0,13.6
Bangalore,2026-07-14 13:00:00,31.4,37,1008.9,0.0,13.6
Bangalore,2026-07-14 14:00:00,32.1,34,1007.5,0.0,14.4
Bangalore,2026-07-14 15:00:00,32.0,34,1006.9,0.0,15.1
Bangalore,2026-07-14 16:00:00,31.7,35,1006.9,0.0,15.3
Bangalore,2026-07-14 17:00:00,31.0,33,1007.4,0.0,13.7
Bangalore,2026-07-14 18:00:00,29.4,37,1008.3,0.0,12.0
Bangalore,2026-07-14 19:00:00,28.2,40,1009.1,0.0,10.7
Bangalore,2026-07-14 20:00:00,27.4,42,1009.9,0.0,11.1
Bangalore,2026-07-14 21:00:00,25.8,48,1011.2,0.0,9.4
Bangalore,2026-07-14 22:00:00,24.5,55,1012.1,0.0,9.5
Bangalore,2026-07-14 23:00:00,24.0,61,1011.1,0.0,10.7
Bangalore,2026-07-15 00:00:00,22.9,72,1011.3,0.0,10.7
Bangalore,2026-07-15 01:00:00,22.0,78,1011.0,0.0,10.7
Bangalore,2026-07-15 02:00:00,21.2,81,1010.6,0.0,9.9
Bangalore,2026-07-15 03:00:00,20.6,86,1010.8,0.0,9.5
Bangalore,2026-07-15 04:00:00,20.2,93,1010.9,0.0,9.5
Bangalore,2026-07-15 05:00:00,19.9,96,1011.5,0.0,8.9
Bangalore,2026-07-15 06:00:00,19.8,94,1012.3,0.0,9.2
Bangalore,2026-07-15 07:00:00,20.6,87,1012.8,0.0,11.7
Bangalore,2026-07-15 08:00:00,22.6,72,1012.8,0.0,13.2
Bangalore,2026-07-15 09:00:00,24.6,63,1012.7,0.0,12.5
Bangalore,2026-07-15 10:00:00,26.8,53,1012.4,0.0,13.0
Bangalore,2026-07-15 11:00:00,28.1,44,1011.9,0.0,13.7
Bangalore,2026-07-15 12:00:00,29.5,39,1011.0,0.0,14.3
Bangalore,2026-07-15 13:00:00,30.7,35,1010.0,0.0,14.7
Bangalore,2026-07-15 14:00:00,31.1,33,1008.8,0.0,14.9
Bangalore,2026-07-15 15:00:00,31.3,32,1008.1,0.0,15.5
Bangalore,2026-07-15 16:00:00,31.0,33,1008.1,0.0,16.0
Bangalore,2026-07-15 17:00:00,30.8,34,1008.0,0.0,15.8
Bangalore,2026-07-15 18:00:00,29.5,37,1008.8,0.0,14.1
Bangalore,2026-07-15 19:00:00,27.9,43,1009.7,0.0,11.4
Bangalore,2026-07-15 20:00:00,26.5,51,1010.8,0.0,13.2
Bangalore,2026-07-15 21:00:00,25.1,62,1011.4,0.0,13.6
Bangalore,2026-07-15 22:00:00,23.8,71,1012.2,0.0,12.1
Bangalore,2026-07-15 23:00:00,23.2,73,1011.8,0.0,11.7
Bangalore,2026-07-16 00:00:00,22.4,77,1011.5,0.0,10.3
Bangalore,2026-07-16 01:00:00,21.7,81,1011.4,0.0,10.3
Bangalore,2026-07-16 02:00:00,21.2,84,1011.7,0.0,10.1
Bangalore,2026-07-16 03:00:00,20.5,89,1011.9,0.0,9.6
Bangalore,2026-07-16 04:00:00,20.0,91,1012.1,0.0,8.5
Bangalore,2026-07-16 05:00:00,20.1,88,1012.1,0.0,8.8
Bangalore,2026-07-16 06:00:00,19.9,86,1012.9,0.0,10.4
Bangalore,2026-07-16 07:00:00,21.1,80,1013.4,0.0,11.2
Bangalore,2026-07-16 08:00:00,23.0,71,1013.3,0.0,11.5
Bangalore,2026-07-16 09:00:00,25.3,59,1013.1,0.0,10.7
Bangalore,2026-07-16 10:00:00,26.9,51,1012.5,0.0,10.6
Bangalore,2026-07-16 11:00:00,28.5,44,1011.6,0.0,11.4
Bangalore,2026-07-16 12:00:00,29.8,38,1010.6,0.0,10.9
Bangalore,2026-07-16 13:00:00,30.8,34,1009.5,0.0,12.1
Bangalore,2026-07-16 14:00:00,30.8,32,1008.7,0.0,14.6
Bangalore,2026-07-16 15:00:00,29.5,38,1008.8,0.0,14.8
Bangalore,2026-07-16 16:00:00,29.4,38,1008.6,0.0,13.7
Bangalore,2026-07-16 17:00:00,28.8,41,1008.9,0.0,14.0
Bangalore,2026-07-16 18:00:00,27.4,46,1009.6,0.0,14.3
Bangalore,2026-07-16 19:00:00,26.2,51,1010.5,0.0,11.8
Bangalore,2026-07-16 20:00:00,25.5,55,1011.6,0.0,11.5
Bangalore,2026-07-16 21:00:00,24.9,61,1012.2,0.0,12.6
Bangalore,2026-07-16 22:00:00,23.8,70,1012.7,0.0,12.0
Bangalore,2026-07-16 23:00:00,23.4,71,1012.3,0.0,12.4
Bangalore,2026-07-17 00:00:00,22.6,75,1012.2,0.0,10.4
Bangalore,2026-07-17 01:00:00,22.1,79,1011.6,0.0,9.5
Bangalore,2026-07-17 02:00:00,21.9,82,1011.3,0.0,9.3
Bangalore,2026-07-17 03:00:00,21.9,83,1011.2,0.0,9.7
Bangalore,2026-07-17 04:00:00,21.7,84,1011.1,0.1,9.8
Bangalore,2026-07-17 05:00:00,21.6,83,1011.2,0.2,11.5
Bangalore,2026-07-17 06:00:00,21.5,85,1011.8,0.0,9.2
Bangalore,2026-07-17 07:00:00,22.1,82,1012.5,0.2,14.3
Bangalore,2026-07-17 08:00:00,22.3,82,1012.8,0.3,13.1
Bangalore,2026-07-17 09:00:00,24.0,74,1013.2,0.1,13.9
Bangalore,2026-07-17 10:00:00,26.1,64,1012.7,0.0,15.0
Bangalore,2026-07-17 11:00:00,25.7,62,1011.9,0.0,14.0
Bangalore,2026-07-17 12:00:00,26.1,60,1011.7,0.4,15.5
Bangalore,2026-07-17 13:00:00,27.5,57,1010.8,0.0,14.6
Bangalore,2026-07-17 14:00:00,23.2,76,1010.5,1.0,20.5
Bangalore,2026-07-17 15:00:00,23.7,83,1010.5,3.2,11.1
Bangalore,2026-07-17 16:00:00,23.5,78,1010.3,1.0,17.5
Bangalore,2026-07-17 17:00:00,22.0,94,1010.9,0.4,13.3
Bangalore,2026-07-17 18:00:00,21.5,89,1011.5,1.7,15.5
Bangalore,2026-07-17 19:00:00,20.9,96,1011.8,1.1,8.8
Bangalore,2026-07-17 20:00:00,21.3,95,1012.6,0.1,10.5
Bangalore,2026-07-17 21:00:00,21.5,95,1013.0,0.0,11.7
Bangalore,2026-07-17 22:00:00,21.4,93,1013.1,0.0,13.3
Bangalore,2026-07-17 23:00:00,21.2,89,1012.7,0.0,13.4
Bangalore,2026-07-18 00:00:00,21.1,87,1012.2,0.0,13.6
Bangalore,2026-07-18 01:00:00,21.0,87,1011.7,0.0,13.8
Bangalore,2026-07-18 02:00:00,20.7,88,1011.4,0.0,13.6
Bangalore,2026-07-18 03:00:00,20.4,89,1010.9,0.0,13.7
Bangalore,2026-07-18 04:00:00,20.3,90,1011.4,0.0,13.9
Bangalore,2026-07-18 05:00:00,20.8,90,1011.1,0.0,14.9
Bangalore,2026-07-18 06:00:00,20.9,89,1011.5,0.0,14.5
Bangalore,2026-07-18 07:00:00,21.5,86,1012.2,0.0,15.2
Bangalore,2026-07-18 08:00:00,23.0,77,1012.6,0.0,15.9
Bangalore,2026-07-18 09:00:00,23.4,72,1012.5,0.0,16.2
Bangalore,2026-07-18 10:00:00,24.9,65,1012.2,0.1,17.3
Bangalore,2026-07-18 11:00:00,26.4,59,1011.4,0.1,17.5
Bangalore,2026-07-18 12:00:00,26.6,58,1010.7,0.3,16.5
Bangalore,2026-07-18 13:00:00,26.2,60,1009.9,0.1,16.4
Bangalore,2026-07-18 14:00:00,26.2,62,1009.5,0.2,15.1
Bangalore,2026-07-18 15:00:00,23.9,77,1009.6,1.2,10.8
Bangalore,2026-07-18 16:00:00,24.9,72,1009.1,0.3,8.5
Bangalore,2026-07-18 17:00:00,24.3,79,1009.7,0.1,11.5
Bangalore,2026-07-18 18:00:00,23.9,80,1010.3,0.1,9.9
Bangalore,2026-07-18 19:00:00,23.4,81,1010.8,0.0,10.2
Bangalore,2026-07-18 20:00:00,21.0,92,1012.6,1.5,12.8
Bangalore,2026-07-18 21:00:00,20.6,98,1012.7,2.0,9.5
Bangalore,2026-07-18 22:00:00,21.0,95,1012.9,0.0,12.0
Bangalore,2026-07-18 23:00:00,21.5,89,1012.4,0.0,10.9
Bangalore,2026-07-19 00:00:00,21.5,88,1012.0,0.0,10.8
Bangalore,2026-07-19 01:00:00,21.4,88,1011.6,0.0,10.3
Bangalore,2026-07-19 02:00:00,21.2,88,1011.3,0.0,10.6
Bangalore,2026-07-19 03:00:00,21.0,91,1011.2,0.0,9.7
Bangalore,2026-07-19 04:00:00,20.9,92,1011.1,0.0,9.5
Bangalore,2026-07-19 05:00:00,21.0,90,1011.1,0.0,9.4
Bangalore,2026-07-19 06:00:00,20.7,91,1011.8,0.0,8.2
Bangalore,2026-07-19 07:00:00,21.2,89,1012.1,0.0,9.8
Bangalore,2026-07-19 08:00:00,21.8,85,1012.3,0.0,11.8
Bangalore,2026-07-19 09:00:00,23.7,74,1012.0,0.0,13.9
Bangalore,2026-07-19 10:00:00,24.1,71,1012.0,0.0,13.6
Bangalore,2026-07-19 11:00:00,25.9,62,1011.0,0.0,15.1
Bangalore,2026-07-19 12:00:00,27.6,54,1010.0,0.0,15.3
Bangalore,2026-07-19 13:00:00,28.0,54,1009.3,0.0,13.1
Bangalore,2026-07-19 14:00:00,28.4,54,1008.7,0.0,13.5
Bangalore,2026-07-19 15:00:00,28.1,55,1008.3,0.0,13.0
Bangalore,2026-07-19 16:00:00,26.6,59,1008.0,0.3,15.1
Bangalore,2026-07-19 17:00:00,27.0,56,1008.7,0.6,13.3
Bangalore,2026-07-19 18:00:00,25.4,68,1009.8,0.0,11.9
Bangalore,2026-07-19 19:00:00,24.0,77,1010.6,0.1,10.0
Bangalore,2026-07-19 20:00:00,23.1,80,1011.9,0.0,11.1
Bangalore,2026-07-19 21:00:00,22.7,81,1012.7,0.0,10.5
Bangalore,2026-07-19 22:00:00,22.4,85,1013.0,0.0,10.1
Bangalore,2026-07-19 23:00:00,22.5,82,1012.7,0.0,11.8
Bangalore,2026-07-20 00:00:00,22.0,83,1012.2,0.0,11.8
Bangalore,2026-07-20 01:00:00,21.6,85,1011.7,0.0,11.8
Bangalore,2026-07-20 02:00:00,21.4,88,1011.4,0.0,13.9
Bangalore,2026-07-20 03:00:00,21.1,90,1011.2,0.0,12.6
Bangalore,2026-07-20 04:00:00,20.9,91,1011.6,0.0,11.9
Bangalore,2026-07-20 05:00:00,20.6,96,1011.2,0.0,12.3
Bangalore,2026-07-20 06:00:00,20.6,96,1011.8,0.0,12.0
Bangalore,2026-07-20 07:00:00,21.3,92,1012.1,0.0,13.0
Bangalore,2026-07-20 08:00:00,22.9,82,1012.3,0.1,14.9
Bangalore,2026-07-20 09:00:00,24.3,76,1012.7,0.2,15.4
Bangalore,2026-07-20 10:00:00,26.0,67,1012.4,0.0,17.3
Bangalore,2026-07-20 11:00:00,26.9,61,1011.5,0.0,17.6
Bangalore,2026-07-20 12:00:00,27.9,57,1011.1,0.0,16.7
Bangalore,2026-07-20 13:00:00,28.5,53,1009.9,0.1,17.2
Bangalore,2026-07-20 14:00:00,24.3,72,1010.3,1.7,19.5
Bangalore,2026-07-20 15:00:00,22.9,87,1010.7,3.3,18.0
Bangalore,2026-07-20 16:00:00,22.6,88,1010.0,1.9,13.4
Bangalore,2026-07-20 17:00:00,22.4,91,1010.9,0.5,9.4
Bangalore,2026-07-20 18:00:00,22.6,91,1011.0,0.5,12.2
Bangalore,2026-07-20 19:00:00,22.6,91,1011.2,0.0,10.6
Bangalore,2026-07-20 20:00:00,22.3,89,1012.2,0.0,12.3
Bangalore,2026-07-20 21:00:00,21.8,85,1013.1,0.0,12.7
Bangalore,2026-07-20 22:00:00,21.5,85,1013.7,0.0,12.6
Bangalore,2026-07-20 23:00:00,21.8,84,1012.7,0.0,12.1
Bangalore,2026-07-21 00:00:00,21.2,88,1012.4,0.0,12.8
Bangalore,2026-07-21 01:00:00,21.0,90,1012.2,0.0,13.1
Bangalore,2026-07-21 02:00:00,20.8,92,1011.9,0.0,12.8
Bangalore,2026-07-21 03:00:00,20.6,91,1011.6,0.0,13.7
Bangalore,2026-07-21 04:00:00,20.3,92,1011.8,0.0,12.6
Bangalore,2026-07-21 05:00:00,20.5,92,1011.7,0.0,12.2
Bangalore,2026-07-21 06:00:00,20.4,93,1011.9,0.0,11.8
Bangalore,2026-07-21 07:00:00,21.4,88,1012.5,0.0,13.9
Bangalore,2026-07-21 08:00:00,23.0,79,1012.5,0.0,15.6
Bangalore,2026-07-21 09:00:00,24.2,73,1012.3,0.0,16.0
Bangalore,2026-07-21 10:00:00,25.4,67,1012.1,0.0,16.7
Bangalore,2026-07-21 11:00:00,26.6,59,1011.5,0.0,17.3
Bangalore,2026-07-21 12:00:00,27.6,56,1011.1,0.1,16.7
Bangalore,2026-07-21 13:00:00,28.4,53,1010.3,0.1,16.3
Bangalore,2026-07-21 14:00:00,28.9,52,1009.1,0.0,17.0
Bangalore,2026-07-21 15:00:00,27.8,54,1008.6,0.2,19.2
Bangalore,2026-07-21 16:00:00,27.7,56,1008.7,0.3,14.5
Bangalore,2026-07-21 17:00:00,27.8,53,1009.0,0.0,15.2
Bangalore,2026-07-21 18:00:00,26.2,58,1009.8,0.0,13.0
Bangalore,2026-07-21 19:00:00,25.0,66,1010.7,0.0,11.7
Bangalore,2026-07-21 20:00:00,24.1,71,1011.9,0.0,11.5
Bangalore,2026-07-21 21:00:00,23.1,75,1012.7,0.0,13.1
Bangalore,2026-07-21 22:00:00,22.3,79,1013.0,0.0,12.7
Bangalore,2026-07-21 23:00:00,22.2,82,1013.2,0.0,13.1
Bangalore,2026-07-22 00:00:00,21.6,85,1012.7,0.0,12.2
Bangalore,2026-07-22 01:00:00,20.9,89,1012.1,0.0,12.5
Bangalore,2026-07-22 02:00:00,20.5,92,1011.7,0.0,12.4
Bangalore,2026-07-22 03:00:00,20.3,94,1011.5,0.0,12.2
Bangalore,2026-07-22 04:00:00,20.1,96,1011.5,0.0,11.3
Bangalore,2026-07-22 05:00:00,20.2,95,1011.3,0.0,11.9
Bangalore,2026-07-22 06:00:00,20.1,96,1011.8,0.0,12.9
Bangalore,2026-07-22 07:00:00,21.1,91,1012.3,0.0,15.0
Bangalore,2026-07-22 08:00:00,22.6,83,1012.4,0.0,15.8
Bangalore,2026-07-22 09:00:00,23.9,75,1012.3,0.1,17.5
Bangalore,2026-07-22 10:00:00,24.8,71,1012.2,0.2,18.6
Bangalore,2026-07-22 11:00:00,25.5,67,1012.1,0.3,18.8
Bangalore,2026-07-22 12:00:00,26.1,64,1011.4,0.1,16.4
Bangalore,2026-07-22 13:00:00,25.7,68,1011.0,0.9,17.4
Bangalore,2026-07-22 14:00:00,26.6,64,1009.5,0.1,16.9
Bangalore,2026-07-22 15:00:00,22.1,90,1010.8,3.3,18.5
Bangalore,2026-07-22 16:00:00,22.1,91,1011.2,2.1,18.0
Bangalore,2026-07-22 17:00:00,22.7,85,1011.2,1.1,12.7
Bangalore,2026-07-22 18:00:00,22.8,89,1011.2,0.7,12.5
Bangalore,2026-07-22 19:00:00,22.4,87,1012.0,0.0,13.9
Bangalore,2026-07-22 20:00:00,22.2,84,1012.6,0.0,13.3
Bangalore,2026-07-22 21:00:00,22.2,84,1013.0,0.0,13.0
Bangalore,2026-07-22 22:00:00,21.8,86,1013.2,0.0,13.4
Bangalore,2026-07-22 23:00:00,21.6,84,1013.0,0.0,13.1
Bangalore,2026-07-23 00:00:00,21.0,86,1012.7,0.0,12.8
Bangalore,2026-07-23 01:00:00,20.5,90,1011.6,0.0,12.5
Bangalore,2026-07-23 02:00:00,20.1,92,1011.0,0.0,12.6
Bangalore,2026-07-23 03:00:00,19.8,94,1010.8,0.0,12.7
Bangalore,2026-07-23 04:00:00,19.6,96,1011.0,0.0,12.4
Bangalore,2026-07-23 05:00:00,20.1,96,1010.7,0.0,13.1
Bangalore,2026-07-23 06:00:00,20.2,95,1011.2,0.0,13.8
Bangalore,2026-07-23 07:00:00,21.4,90,1011.7,0.0,16.6
Bangalore,2026-07-23 08:00:00,23.3,78,1011.4,0.1,19.0
Bangalore,2026-07-23 09:00:00,24.3,73,1011.3,0.1,19.3
Bangalore,2026-07-23 10:00:00,25.8,65,1011.1,0.1,19.8
Bangalore,2026-07-23 11:00:00,26.7,61,1010.7,0.1,18.1
Bangalore,2026-07-23 12:00:00,27.8,55,1010.1,0.0,18.7
Bangalore,2026-07-23 13:00:00,28.1,54,1009.2,0.1,18.2
Bangalore,2026-07-23 14:00:00,28.9,51,1008.1,0.1,17.1
Bangalore,2026-07-23 15:00:00,29.2,49,1007.7,0.0,17.3
Bangalore,2026-07-23 16:00:00,28.7,49,1007.4,0.0,16.9
Bangalore,2026-07-23 17:00:00,27.7,52,1008.3,0.0,13.1
Bangalore,2026-07-23 18:00:00,26.4,59,1008.7,0.0,7.1
Bangalore,2026-07-23 19:00:00,25.3,64,1009.7,0.0,9.0
Bangalore,2026-07-23 20:00:00,24.2,69,1011.3,0.0,12.1
Bangalore,2026-07-23 21:00:00,23.3,76,1011.9,0.0,11.2
Bangalore,2026-07-23 22:00:00,21.5,85,1013.5,0.1,17.2
Bangalore,2026-07-23 23:00:00,21.5,87,1012.5,0.6,11.4
Bangalore,2026-07-24 00:00:00,21.2,88,1011.9,0.0,11.6
Bangalore,2026-07-24 01:00:00,20.8,89,1011.2,0.0,13.2
Bangalore,2026-07-24 02:00:00,19.9,95,1011.4,0.5,13.8
Bangalore,2026-07-24 03:00:00,19.8,99,1011.1,5.4,11.8
Bangalore,2026-07-24 04:00:00,20.0,98,1011.0,0.1,13.1
Bangalore,2026-07-24 05:00:00,20.5,98,1010.9,0.0,12.0
Bangalore,2026-07-24 06:00:00,20.4,96,1011.1,0.0,12.1
Bangalore,2026-07-24 07:00:00,21.4,89,1011.7,0.0,11.8
Bangalore,2026-07-24 08:00:00,23.3,77,1011.7,0.0,15.0
Bangalore,2026-07-24 09:00:00,24.7,71,1011.5,0.0,16.7
Bangalore,2026-07-24 10:00:00,26.1,64,1011.0,0.2,17.8
Bangalore,2026-07-24 11:00:00,27.5,57,1010.6,0.1,17.4
Bangalore,2026-07-24 12:00:00,28.4,51,1009.8,0.0,17.3
Bangalore,2026-07-24 13:00:00,29.5,48,1009.0,0.0,16.8
Bangalore,2026-07-24 14:00:00,29.3,50,1007.9,0.0,16.1
Bangalore,2026-07-24 15:00:00,28.0,52,1007.7,0.4,21.1
Bangalore,2026-07-24 16:00:00,26.5,61,1008.3,0.3,14.5
Bangalore,2026-07-24 17:00:00,26.4,58,1008.6,1.2,15.9
Bangalore,2026-07-24 18:00:00,25.3,64,1008.9,0.0,10.6
Bangalore,2026-07-24 19:00:00,24.3,70,1009.6,0.0,9.8
Bangalore,2026-07-24 20:00:00,23.9,71,1010.8,0.0,13.5
Bangalore,2026-07-24 21:00:00,23.4,72,1011.0,0.0,11.4
Bangalore,2026-07-24 22:00:00,22.5,77,1011.9,0.0,9.0
Bangalore,2026-07-24 23:00:00,22.4,78,1011.5,0.0,9.4
Bangalore,2026-07-25 00:00:00,21.5,85,1011.1,0.0,11.3
Bangalore,2026-07-25 01:00:00,20.9,86,1010.8,0.0,11.7
Bangalore,2026-07-25 02:00:00,20.6,86,1010.5,0.0,12.6
Bangalore,2026-07-25 03:00:00,20.3,88,1010.3,0.0,13.4
Bangalore,2026-07-25 04:00:00,20.0,90,1010.2,0.0,12.9
Bangalore,2026-07-25 05:00:00,20.2,93,1010.5,0.0,11.2
Bangalore,2026-07-25 06:00:00,20.0,94,1011.0,0.0,11.5
Bangalore,2026-07-25 07:00:00,21.1,88,1011.5,0.0,13.3
Bangalore,2026-07-25 08:00:00,23.0,76,1011.5,0.0,15.9
Bangalore,2026-07-25 09:00:00,24.9,65,1011.2,0.0,17.7
Bangalore,2026-07-25 10:00:00,25.7,63,1011.1,0.0,17.7
Bangalore,2026-07-25 11:00:00,27.3,54,1010.2,0.0,17.0
Bangalore,2026-07-25 12:00:00,27.8,52,1009.6,0.0,16.6
Bangalore,2026-07-25 13:00:00,28.9,52,1008.7,0.2,15.2
Bangalore,2026-07-25 14:00:00,27.9,55,1007.8,0.4,18.2
Bangalore,2026-07-25 15:00:00,26.5,65,1007.9,0.7,11.7
Bangalore,2026-07-25 16:00:00,23.9,80,1008.9,0.8,17.2
Bangalore,2026-07-25 17:00:00,24.8,75,1009.0,0.6,10.0
Bangalore,2026-07-25 18:00:00,24.0,79,1009.4,0.2,12.4
Bangalore,2026-07-25 19:00:00,23.2,83,1010.3,0.0,12.7
Bangalore,2026-07-25 20:00:00,22.9,83,1011.0,0.0,14.4
Bangalore,2026-07-25 21:00:00,22.2,82,1011.7,0.0,13.7
Bangalore,2026-07-25 22:00:00,21.6,84,1012.3,0.0,11.8
Bangalore,2026-07-25 23:00:00,22.0,81,1011.1,0.0,13.9
Bangalore,2026-07-26 00:00:00,21.4,85,1010.6,0.0,12.5
Bangalore,2026-07-26 01:00:00,21.2,86,1010.2,0.0,12.3
Bangalore,2026-07-26 02:00:00,20.8,89,1010.0,0.0,12.4
Bangalore,2026-07-26 03:00:00,20.6,91,1009.8,0.0,11.9
Bangalore,2026-07-26 04:00:00,20.3,93,1010.0,0.0,11.6
Bangalore,2026-07-26 05:00:00,20.7,91,1010.1,0.0,10.6
Bangalore,2026-07-26 06:00:00,20.6,92,1010.5,0.0,11.3
Bangalore,2026-07-26 07:00:00,21.8,87,1011.1,0.0,13.8
Bangalore,2026-07-26 08:00:00,23.4,78,1010.9,0.1,16.9
Bangalore,2026-07-26 09:00:00,25.1,69,1011.0,0.0,18.6
Bangalore,2026-07-26 10:00:00,26.3,63,1010.8,0.1,19.6
Bangalore,2026-07-26 11:00:00,26.5,65,1010.5,0.1,18.1
Bangalore,2026-07-26 12:00:00,23.0,82,1011.2,1.3,17.6
Bangalore,2026-07-26 13:00:00,24.8,78,1010.0,0.7,11.6
Bangalore,2026-07-26 14:00:00,26.2,67,1008.9,0.6,16.4
Bangalore,2026-07-26 15:00:00,26.7,67,1007.9,0.0,17.6
Bangalore,2026-07-26 16:00:00,27.0,65,1007.3,0.0,14.6
Bangalore,2026-07-26 17:00:00,27.3,56,1007.3,0.2,15.1
Bangalore,2026-07-26 18:00:00,26.2,60,1007.7,0.0,14.7
Bangalore,2026-07-26 19:00:00,25.1,64,1008.9,0.0,15.0
Bangalore,2026-07-26 20:00:00,24.0,72,1010.1,0.0,16.7
Bangalore,2026-07-26 21:00:00,23.0,78,1010.9,0.0,16.5
Bangalore,2026-07-26 22:00:00,22.3,83,1011.4,0.0,16.2
Bangalore,2026-07-26 23:00:00,22.2,84,1010.5,0.0,15.5
Bangalore,2026-07-27 00:00:00,21.8,86,1010.5,0.0,15.2
Bangalore,2026-07-27 01:00:00,21.4,88,1009.9,0.0,15.9
Bangalore,2026-07-27 02:00:00,21.2,88,1009.6,0.0,16.2
Bangalore,2026-07-27 03:00:00,20.8,90,1009.3,0.0,15.1
Bangalore,2026-07-27 04:00:00,20.7,91,1009.3,0.0,15.2
Bangalore,2026-07-27 05:00:00,21.4,89,1009.0,0.0,17.4
Bangalore,2026-07-27 06:00:00,21.5,89,1009.4,0.0,17.4
Bangalore,2026-07-27 07:00:00,22.5,84,1009.6,0.0,16.3
Bangalore,2026-07-27 08:00:00,23.8,75,1009.8,0.0,20.8
Bangalore,2026-07-27 09:00:00,25.4,65,1009.8,0.0,23.0
Bangalore,2026-07-27 10:00:00,26.2,63,1009.6,0.0,21.6
Bangalore,2026-07-27 11:00:00,27.7,54,1009.0,0.0,22.2
Bangalore,2026-07-27 12:00:00,28.4,54,1008.9,0.0,20.6
Bangalore,2026-07-27 13:00:00,28.3,54,1008.1,0.0,19.8
Bangalore,2026-07-27 14:00:00,28.2,56,1007.1,0.0,17.0
Bangalore,2026-07-27 15:00:00,28.2,56,1006.2,0.0,17.1
Bangalore,2026-07-27 16:00:00,26.4,63,1006.3,0.2,16.9
Bangalore,2026-07-27 17:00:00,27.4,56,1006.4,0.8,12.9
Bangalore,2026-07-27 18:00:00,26.3,60,1007.2,0.0,15.8
Bangalore,2026-07-27 19:00:00,24.9,68,1007.8,0.0,13.7
Bangalore,2026-07-27 20:00:00,24.1,74,1009.1,0.1,14.4
Bangalore,2026-07-27 21:00:00,23.8,76,1009.8,0.0,15.9
Bangalore,2026-07-27 22:00:00,23.1,80,1010.6,0.0,15.7
Bangalore,2026-07-27 23:00:00,23.0,80,1010.0,0.0,15.0
Bangalore,2026-07-28 00:00:00,22.4,83,1009.7,0.0,14.1
Bangalore,2026-07-28 01:00:00,22.0,87,1009.0,0.0,14.1
Bangalore,2026-07-28 02:00:00,21.8,89,1008.7,0.0,14.3
Bangalore,2026-07-28 03:00:00,21.5,90,1008.4,0.0,14.1
Bangalore,2026-07-28 04:00:00,21.3,90,1008.3,0.0,15.4
Bangalore,2026-07-28 05:00:00,21.4,89,1008.2,0.0,14.1
Bangalore,2026-07-28 06:00:00,21.2,90,1008.7,0.0,14.0
Bangalore,2026-07-28 07:00:00,22.2,84,1009.2,0.0,14.7
Bangalore,2026-07-28 08:00:00,23.7,75,1009.5,0.1,19.7
Bangalore,2026-07-28 09:00:00,25.0,68,1009.6,0.0,21.0
Bangalore,2026-07-28 10:00:00,26.7,61,1009.5,0.1,21.3
Bangalore,2026-07-28 11:00:00,27.1,58,1009.0,0.3,21.8
Bangalore,2026-07-28 12:00:00,28.9,51,1007.9,0.1,21.9
Bangalore,2026-07-28 13:00:00,29.7,50,1007.0,0.0,21.7
Bangalore,2026-07-28 14:00:00,29.6,50,1006.0,0.2,22.7
Bangalore,2026-07-28 15:00:00,26.9,61,1006.3,0.5,21.9
Bangalore,2026-07-28 16:00:00,26.8,64,1006.0,0.4,22.1
Bangalore,2026-07-28 17:00:00,27.4,56,1005.8,0.2,21.6
Bangalore,2026-07-28 18:00:00,25.9,63,1006.4,0.0,18.1
Bangalore,2026-07-28 19:00:00,24.7,69,1007.4,0.0,18.4
Bangalore,2026-07-28 20:00:00,23.9,73,1008.3,0.0,17.3
Bangalore,2026-07-28 21:00:00,22.9,78,1009.1,0.0,17.2
Bangalore,2026-07-28 22:00:00,22.2,82,1010.0,0.0,16.6
Bangalore,2026-07-28 23:00:00,22.4,83,1009.5,0.0,16.8
Bangalore,2026-07-29 00:00:00,21.9,87,1009.2,0.0,16.0
Bangalore,2026-07-29 01:00:00,21.7,88,1008.8,0.0,15.1
Bangalore,2026-07-29 02:00:00,21.7,88,1008.1,0.0,16.5
Bangalore,2026-07-29 03:00:00,21.6,88,1008.1,0.0,16.7
Bangalore,2026-07-29 04:00:00,21.7,87,1007.9,0.0,17.1
Bangalore,2026-07-29 05:00:00,21.7,88,1007.7,0.0,15.1
Bangalore,2026-07-29 06:00:00,21.7,89,1007.9,0.0,14.8
Bangalore,2026-07-29 07:00:00,22.4,86,1008.4,0.0,14.1
Bangalore,2026-07-29 08:00:00,23.8,76,1008.6,0.0,19.0
Bangalore,2026-07-29 09:00:00,25.6,65,1008.8,0.1,24.1
Bangalore,2026-07-29 10:00:00,25.9,63,1008.6,0.2,21.8
Bangalore,2026-07-29 11:00:00,27.4,55,1007.8,0.3,22.6
Bangalore,2026-07-29 12:00:00,28.1,54,1007.0,0.3,24.7
Bangalore,2026-07-29 13:00:00,28.6,54,1006.2,0.3,22.7
Bangalore,2026-07-29 14:00:00,29.3,53,1004.9,0.2,23.0
Bangalore,2026-07-29 15:00:00,27.9,56,1005.1,0.5,20.0
Bangalore,2026-07-29 16:00:00,24.7,77,1005.5,1.3,21.0
Bangalore,2026-07-29 17:00:00,26.8,60,1005.2,0.1,20.2
Bangalore,2026-07-29 18:00:00,25.3,68,1005.8,0.0,17.5
Bangalore,2026-07-29 19:00:00,23.9,74,1006.9,0.0,16.9
Bangalore,2026-07-29 20:00:00,23.1,78,1007.7,0.0,17.6
Bangalore,2026-07-29 21:00:00,22.5,81,1008.7,0.0,17.1
Bangalore,2026-07-29 22:00:00,21.9,83,1009.0,0.0,17.6
Bangalore,2026-07-29 23:00:00,22.3,84,1008.4,0.0,16.2
Bangalore,2026-07-30 00:00:00,22.1,88,1007.7,0.0,16.6
Bangalore,2026-07-30 01:00:00,21.9,90,1006.7,0.0,17.1
Bangalore,2026-07-30 02:00:00,21.5,88,1006.5,0.0,17.2
Bangalore,2026-07-30 03:00:00,21.2,90,1006.3,0.0,16.6
Bangalore,2026-07-30 04:00:00,21.0,90,1006.2,0.0,17.6
Bangalore,2026-07-30 05:00:00,21.8,88,1005.9,0.0,18.6
Bangalore,2026-07-30 06:00:00,21.8,88,1006.2,0.0,18.1
Bangalore,2026-07-30 07:00:00,22.4,82,1006.5,0.0,18.5
Bangalore,2026-07-30 08:00:00,23.5,76,1006.7,0.0,23.7
Bangalore,2026-07-30 09:00:00,24.7,71,1006.6,0.1,21.4
Bangalore,2026-07-30 10:00:00,25.9,65,1006.7,0.1,23.0
Bangalore,2026-07-30 11:00:00,27.2,57,1006.2,0.3,24.9
Bangalore,2026-07-30 12:00:00,27.6,56,1005.5,0.4,25.0
Bangalore,2026-07-30 13:00:00,28.1,58,1004.6,0.5,23.6
Bangalore,2026-07-30 14:00:00,28.3,59,1003.7,0.1,21.6
Bangalore,2026-07-30 15:00:00,25.3,72,1004.0,0.7,15.5
Bangalore,2026-07-30 16:00:00,25.8,67,1003.2,0.2,22.6
Bangalore,2026-07-30 17:00:00,25.7,68,1003.8,0.7,19.6
Bangalore,2026-07-30 18:00:00,24.8,73,1004.6,0.0,16.0
Bangalore,2026-07-30 19:00:00,24.2,73,1005.3,0.0,19.0
Bangalore,2026-07-30 20:00:00,23.4,77,1006.4,0.0,18.2
Bangalore,2026-07-30 21:00:00,22.9,80,1007.2,0.0,18.7
Bangalore,2026-07-30 22:00:00,22.3,84,1007.8,0.0,18.7
Bangalore,2026-07-30 23:00:00,22.4,85,1007.2,0.0,16.5
Mumbai,2026-07-01 00:00:00,27.2,88,1004.6,3.0,21.4
Mumbai,2026-07-01 01:00:00,27.1,86,1004.4,7.7,20.8
Mumbai,2026-07-01 02:00:00,26.6,88,1003.6,6.7,21.1
Mumbai,2026-07-01 03:00:00,26.5,90,1003.6,4.8,18.6
Mumbai,2026-07-01 04:00:00,26.1,91,1003.5,5.2,17.3
Mumbai,2026-07-01 05:00:00,26.9,88,1003.4,5.4,11.1
Mumbai,2026-07-01 06:00:00,26.8,87,1003.8,0.4,11.5
Mumbai,2026-07-01 07:00:00,25.9,93,1004.5,2.2,12.2
Mumbai,2026-07-01 08:00:00,26.0,94,1004.9,2.6,10.3
Mumbai,2026-07-01 09:00:00,26.9,91,1005.5,1.4,13.0
Mumbai,2026-07-01 10:00:00,26.9,91,1005.7,2.6,11.6
Mumbai,2026-07-01 11:00:00,26.8,92,1004.9,3.2,13.4
Mumbai,2026-07-01 12:00:00,27.0,91,1004.6,5.8,15.1
Mumbai,2026-07-01 13:00:00,26.9,94,1004.3,4.5,14.1
Mumbai,2026-07-01 14:00:00,26.5,91,1003.9,4.6,14.8
Mumbai,2026-07-01 15:00:00,26.6,91,1003.5,3.1,15.7
Mumbai,2026-07-01 16:00:00,26.4,92,1003.3,2.8,17.0
Mumbai,2026-07-01 17:00:00,27.2,88,1003.2,5.1,20.1
Mumbai,2026-07-01 18:00:00,26.9,87,1003.4,6.2,18.9
Mumbai,2026-07-01 19:00:00,27.0,87,1003.7,2.9,15.9
Mumbai,2026-07-01 20:00:00,27.3,87,1004.5,1.5,13.4
Mumbai,2026-07-01 21:00:00,26.9,88,1005.2,0.6,11.7
Mumbai,2026-07-01 22:00:00,26.1,91,1005.9,2.6,14.8
Mumbai,2026-07-01 23:00:00,25.0,94,1006.2,1.7,8.7
Mumbai,2026-07-02 00:00:00,25.3,93,1005.6,4.3,5.6
Mumbai,2026-07-02 01:00:00,25.6,93,1005.2,2.2,8.7
Mumbai,2026-07-02 02:00:00,25.5,91,1004.8,0.9,10.2
Mumbai,2026-07-02 03:00:00,25.7,92,1004.5,0.9,10.0
Mumbai,2026-07-02 04:00:00,25.7,92,1004.0,0.3,10.2
Mumbai,2026-07-02 05:00:00,26.1,93,1004.2,1.5,9.5
Mumbai,2026-07-02 06:00:00,26.1,91,1004.6,2.2,12.4
Mumbai,2026-07-02 07:00:00,25.7,93,1005.3,2.1,13.5
Mumbai,2026-07-02 08:00:00,25.7,93,1005.5,1.7,13.9
Mumbai,2026-07-02 09:00:00,26.7,90,1006.1,1.5,12.4
Mumbai,2026-07-02 10:00:00,26.9,92,1006.1,1.7,15.0
Mumbai,2026-07-02 11:00:00,27.6,91,1006.0,2.3,19.8
Mumbai,2026-07-02 12:00:00,27.4,91,1005.7,4.0,18.5
Mumbai,2026-07-02 13:00:00,26.9,89,1005.4,4.6,18.7
Mumbai,2026-07-02 14:00:00,27.0,88,1005.1,2.8,18.1
Mumbai,2026-07-02 15:00:00,26.3,88,1004.6,2.4,16.4
Mumbai,2026-07-02 16:00:00,26.5,92,1004.5,5.0,12.9
Mumbai,2026-07-02 17:00:00,27.1,88,1003.8,3.7,12.3
Mumbai,2026-07-02 18:00:00,27.1,90,1004.0,1.4,10.4
Mumbai,2026-07-02 19:00:00,26.2,90,1004.5,1.0,10.1
Mumbai,2026-07-02 20:00:00,27.0,88,1005.0,0.4,12.0
Mumbai,2026-07-02 21:00:00,25.8,91,1006.6,3.6,11.3
Mumbai,2026-07-02 22:00:00,25.9,94,1006.9,3.1,5.7
Mumbai,2026-07-02 23:00:00,26.3,91,1006.4,2.1,13.8
Mumbai,2026-07-03 00:00:00,26.5,92,1005.9,0.8,13.5
Mumbai,2026-07-03 01:00:00,26.0,91,1005.8,1.4,13.5
Mumbai,2026-07-03 02:00:00,25.5,93,1005.6,2.1,12.8
Mumbai,2026-07-03 03:00:00,25.2,94,1005.4,3.4,11.0
Mumbai,2026-07-03 04:00:00,25.4,93,1005.0,2.0,9.9
Mumbai,2026-07-03 05:00:00,26.1,91,1004.8,2.6,13.2
Mumbai,2026-07-03 06:00:00,26.0,93,1005.1,3.8,8.2
Mumbai,2026-07-03 07:00:00,26.3,93,1005.5,3.0,10.0
Mumbai,2026-07-03 08:00:00,26.5,92,1005.9,2.0,8.7
Mumbai,2026-07-03 09:00:00,25.7,93,1006.6,4.0,15.5
Mumbai,2026-07-03 10:00:00,25.8,94,1007.0,2.4,9.9
Mumbai,2026-07-03 11:00:00,26.4,92,1006.6,1.8,10.5
Mumbai,2026-07-03 12:00:00,26.8,91,1006.1,2.1,13.0
Mumbai,2026-07-03 13:00:00,26.6,90,1006.1,2.9,11.2
Mumbai,2026-07-03 14:00:00,26.3,90,1005.4,1.7,18.8
Mumbai,2026-07-03 15:00:00,26.7,88,1005.2,0.7,14.3
Mumbai,2026-07-03 16:00:00,26.0,90,1005.1,2.4,16.2
Mumbai,2026-07-03 17:00:00,27.3,84,1004.5,3.6,14.2
Mumbai,2026-07-03 18:00:00,25.8,91,1004.8,2.8,14.4
Mumbai,2026-07-03 19:00:00,26.4,90,1005.0,1.5,12.8
Mumbai,2026-07-03 20:00:00,26.7,89,1005.3,0.7,11.2
Mumbai,2026-07-03 21:00:00,26.5,88,1005.9,0.6,12.5
Mumbai,2026-07-03 22:00:00,25.9,91,1006.6,2.0,16.7
Mumbai,2026-07-03 23:00:00,25.6,90,1005.7,1.5,13.3
Mumbai,2026-07-04 00:00:00,25.8,91,1005.3,2.7,16.0
Mumbai,2026-07-04 01:00:00,26.1,91,1004.8,1.1,13.9
Mumbai,2026-07-04 02:00:00,26.2,92,1004.1,1.7,11.0
Mumbai,2026-07-04 03:00:00,26.2,92,1003.6,2.6,13.4
Mumbai,2026-07-04 04:00:00,26.3,93,1003.5,4.0,12.7
Mumbai,2026-07-04 05:00:00,26.2,94,1003.3,6.5,12.3
Mumbai,2026-07-04 06:00:00,25.8,95,1003.8,6.4,14.4
Mumbai,2026-07-04 07:00:00,25.8,93,1004.3,7.2,12.3
Mumbai,2026-07-04 08:00:00,25.9,93,1004.4,5.2,12.2
Mumbai,2026-07-04 09:00:00,26.4,92,1004.3,3.3,11.8
Mumbai,2026-07-04 10:00:00,26.3,93,1004.5,4.0,13.5
Mumbai,2026-07-04 11:00:00,26.6,92,1004.2,4.4,13.4
Mumbai,2026-07-04 12:00:00,26.4,93,1003.8,7.4,16.4
Mumbai,2026-07-04 13:00:00,26.8,89,1003.4,5.0,16.5
Mumbai,2026-07-04 14:00:00,26.3,91,1002.7,3.0,16.3
Mumbai,2026-07-04 15:00:00,26.3,91,1001.9,3.1,17.2
Mumbai,2026-07-04 16:00:00,26.6,89,1001.4,2.2,19.1
Mumbai,2026-07-04 17:00:00,26.2,91,1001.2,3.3,18.6
Mumbai,2026-07-04 18:00:00,26.0,89,1001.3,1.4,16.8
Mumbai,2026-07-04 19:00:00,26.4,91,1001.4,0.6,14.9
Mumbai,2026-07-04 20:00:00,27.3,87,1001.6,0.1,16.6
Mumbai,2026-07-04 21:00:00,26.9,84,1002.3,0.1,17.8
Mumbai,2026-07-04 22:00:00,26.2,90,1002.8,1.6,15.6
Mumbai,2026-07-04 23:00:00,26.5,90,1002.2,1.2,17.6
Mumbai,2026-07-05 00:00:00,26.2,94,1001.4,2.4,16.2
Mumbai,2026-07-05 01:00:00,25.9,93,1000.9,5.3,12.5
Mumbai,2026-07-05 02:00:00,26.2,91,1000.3,3.0,12.6
Mumbai,2026-07-05 03:00:00,25.9,92,999.8,3.4,17.3
Mumbai,2026-07-05 04:00:00,26.3,91,999.5,3.9,21.1
Mumbai,2026-07-05 05:00:00,26.0,93,999.4,7.1,15.4
Mumbai,2026-07-05 06:00:00,25.9,94,999.6,10.6,24.3
Mumbai,2026-07-05 07:00:00,26.4,92,1000.0,5.7,20.4
Mumbai,2026-07-05 08:00:00,26.7,91,1000.1,2.4,21.9
Mumbai,2026-07-05 09:00:00,26.8,90,1000.2,8.7,27.2
Mumbai,2026-07-05 10:00:00,26.8,91,999.8,11.2,29.0
Mumbai,2026-07-05 11:00:00,26.5,93,1000.2,8.7,22.4
Mumbai,2026-07-05 12:00:00,26.5,91,999.8,5.5,19.0
Mumbai,2026-07-05 13:00:00,27.0,87,999.9,2.9,17.9
Mumbai,2026-07-05 14:00:00,26.4,89,1000.0,5.4,21.9
Mumbai,2026-07-05 15:00:00,26.5,90,999.4,3.4,21.3
Mumbai,2026-07-05 16:00:00,26.6,88,998.9,1.5,21.7
Mumbai,2026-07-05 17:00:00,26.7,92,999.1,3.6,23.5
Mumbai,2026-07-05 18:00:00,26.7,91,999.5,14.3,30.3
Mumbai,2026-07-05 19:00:00,26.6,90,999.8,10.9,28.5
Mumbai,2026-07-05 20:00:00,26.1,89,1000.9,8.9,24.2
Mumbai,2026-07-05 21:00:00,26.9,86,1001.6,3.8,25.6
Mumbai,2026-07-05 22:00:00,26.9,87,1002.1,1.4,20.9
Mumbai,2026-07-05 23:00:00,26.6,89,1001.0,2.9,20.7
Mumbai,2026-07-06 00:00:00,26.7,88,1000.7,3.0,22.8
Mumbai,2026-07-06 01:00:00,26.8,92,999.9,1.4,18.4
Mumbai,2026-07-06 02:00:00,27.0,88,999.5,2.9,20.4
Mumbai,2026-07-06 03:00:00,27.3,82,999.7,1.7,24.6
Mumbai,2026-07-06 04:00:00,27.2,82,999.5,1.4,21.0
Mumbai,2026-07-06 05:00:00,26.7,91,998.6,0.8,27.9
Mumbai,2026-07-06 06:00:00,27.0,90,998.9,4.5,28.1
Mumbai,2026-07-06 07:00:00,26.9,87,1000.1,5.6,31.6
Mumbai,2026-07-06 08:00:00,26.8,88,1000.7,9.7,27.2
Mumbai,2026-07-06 09:00:00,26.9,90,1001.3,9.3,27.4
Mumbai,2026-07-06 10:00:00,26.9,90,1001.3,12.8,23.6
Mumbai,2026-07-06 11:00:00,27.0,90,1000.3,8.3,26.4
Mumbai,2026-07-06 12:00:00,27.3,90,999.9,15.0,28.2
Mumbai,2026-07-06 13:00:00,26.8,87,999.9,9.3,34.6
Mumbai,2026-07-06 14:00:00,26.8,90,999.3,8.2,32.5
Mumbai,2026-07-06 15:00:00,26.4,92,999.5,6.0,26.2
Mumbai,2026-07-06 16:00:00,27.0,89,998.5,4.3,32.0
Mumbai,2026-07-06 17:00:00,27.6,89,998.6,5.1,26.1
Mumbai,2026-07-06 18:00:00,27.3,88,998.9,3.8,28.8
Mumbai,2026-07-06 19:00:00,27.0,89,999.8,4.4,27.0
Mumbai,2026-07-06 20:00:00,27.0,88,1000.6,4.0,28.0
Mumbai,2026-07-06 21:00:00,27.0,86,1001.2,3.1,27.0
Mumbai,2026-07-06 22:00:00,27.1,85,1001.7,3.2,28.1
Mumbai,2026-07-06 23:00:00,27.5,86,1000.8,4.0,29.5
Mumbai,2026-07-07 00:00:00,27.2,87,1000.8,0.6,24.3
Mumbai,2026-07-07 01:00:00,27.2,85,1000.4,1.8,23.4
Mumbai,2026-07-07 02:00:00,26.7,90,1000.0,2.2,25.4
Mumbai,2026-07-07 03:00:00,26.8,87,999.7,4.6,23.3
Mumbai,2026-07-07 04:00:00,27.0,88,999.5,3.6,25.3
Mumbai,2026-07-07 05:00:00,28.0,88,999.7,2.6,25.5
Mumbai,2026-07-07 06:00:00,27.4,85,1000.7,0.2,22.6
Mumbai,2026-07-07 07:00:00,27.5,83,1001.5,1.2,22.7
Mumbai,2026-07-07 08:00:00,26.3,89,1001.6,3.6,22.7
Mumbai,2026-07-07 09:00:00,28.1,82,1002.0,0.9,20.7
Mumbai,2026-07-07 10:00:00,28.0,83,1002.0,0.7,19.0
Mumbai,2026-07-07 11:00:00,27.0,88,1002.1,1.4,23.7
Mumbai,2026-07-07 12:00:00,27.8,87,1001.3,0.8,21.0
Mumbai,2026-07-07 13:00:00,27.3,87,1001.3,3.0,23.8
Mumbai,2026-07-07 14:00:00,27.6,81,1001.3,1.2,26.5
Mumbai,2026-07-07 15:00:00,27.1,85,1001.1,1.6,25.7
Mumbai,2026-07-07 16:00:00,26.7,88,1000.8,3.6,24.1
Mumbai,2026-07-07 17:00:00,26.9,90,1000.0,1.9,24.5
Mumbai,2026-07-07 18:00:00,26.7,92,1000.2,6.1,17.8
Mumbai,2026-07-07 19:00:00,26.5,90,1000.6,4.8,17.0
Mumbai,2026-07-07 20:00:00,26.4,92,1001.2,4.3,18.8
Mumbai,2026-07-07 21:00:00,26.5,92,1002.1,1.5,19.8
Mumbai,2026-07-07 22:00:00,25.6,92,1002.8,1.0,16.1
Mumbai,2026-07-07 23:00:00,27.1,92,1001.9,2.2,24.2
Mumbai,2026-07-08 00:00:00,26.8,89,1001.3,4.2,27.8
Mumbai,2026-07-08 01:00:00,26.8,90,1001.0,3.3,22.3
Mumbai,2026-07-08 02:00:00,27.3,91,1000.9,3.6,23.3
Mumbai,2026-07-08 03:00:00,28.2,85,1000.9,0.7,27.6
Mumbai,2026-07-08 04:00:00,28.0,83,1001.3,1.0,26.8
Mumbai,2026-07-08 05:00:00,27.7,92,1001.6,0.8,22.6
Mumbai,2026-07-08 06:00:00,27.0,89,1001.9,2.2,26.7
Mumbai,2026-07-08 07:00:00,26.2,90,1002.6,0.6,23.9
Mumbai,2026-07-08 08:00:00,26.8,89,1003.2,0.7,20.9
Mumbai,2026-07-08 09:00:00,26.9,90,1004.1,0.7,15.8
Mumbai,2026-07-08 10:00:00,27.2,90,1005.0,2.5,13.0
Mumbai,2026-07-08 11:00:00,27.8,86,1003.9,2.6,17.6
Mumbai,2026-07-08 12:00:00,27.9,88,1004.0,0.4,18.2
Mumbai,2026-07-08 13:00:00,28.8,85,1003.6,0.0,13.9
Mumbai,2026-07-08 14:00:00,29.2,81,1002.9,0.4,17.0
Mumbai,2026-07-08 15:00:00,28.9,84,1002.7,0.3,13.5
Mumbai,2026-07-08 16:00:00,28.4,85,1002.6,0.4,12.6
Mumbai,2026-07-08 17:00:00,28.4,86,1002.4,0.1,15.2
Mumbai,2026-07-08 18:00:00,28.0,90,1002.5,0.5,13.1
Mumbai,2026-07-08 19:00:00,28.0,87,1003.5,0.3,13.0
Mumbai,2026-07-08 20:00:00,28.3,88,1004.2,0.3,14.8
Mumbai,2026-07-08 21:00:00,28.1,88,1004.9,0.3,16.8
Mumbai,2026-07-08 22:00:00,28.3,87,1005.4,0.0,14.8
Mumbai,2026-07-08 23:00:00,27.7,88,1005.2,0.0,17.8
Mumbai,2026-07-09 00:00:00,28.3,82,1004.6,0.0,17.6
Mumbai,2026-07-09 01:00:00,28.4,81,1004.6,0.0,16.1
Mumbai,2026-07-09 02:00:00,28.3,82,1004.0,0.1,18.7
Mumbai,2026-07-09 03:00:00,28.1,83,1004.1,0.1,19.5
Mumbai,2026-07-09 04:00:00,27.8,85,1004.1,0.0,19.6
Mumbai,2026-07-09 05:00:00,27.7,87,1004.3,0.1,17.4
Mumbai,2026-07-09 06:00:00,27.8,84,1004.8,0.3,16.7
Mumbai,2026-07-09 07:00:00,28.1,85,1005.6,0.2,16.9
Mumbai,2026-07-09 08:00:00,28.3,83,1006.0,0.1,20.7
Mumbai,2026-07-09 09:00:00,28.3,85,1006.5,0.2,20.1
Mumbai,2026-07-09 10:00:00,28.5,84,1007.0,0.1,18.1
Mumbai,2026-07-09 11:00:00,28.9,80,1007.2,0.3,19.0
Mumbai,2026-07-09 12:00:00,29.0,81,1007.3,0.3,20.0
Mumbai,2026-07-09 13:00:00,29.0,80,1006.9,0.0,17.9
Mumbai,2026-07-09 14:00:00,28.7,81,1006.7,0.2,18.5
Mumbai,2026-07-09 15:00:00,28.9,80,1006.1,0.2,18.3
Mumbai,2026-07-09 16:00:00,29.2,79,1005.7,0.2,18.8
Mumbai,2026-07-09 17:00:00,29.0,81,1005.8,0.4,18.3
Mumbai,2026-07-09 18:00:00,28.5,84,1006.1,0.2,17.9
Mumbai,2026-07-09 19:00:00,27.7,88,1006.8,0.1,18.2
Mumbai,2026-07-09 20:00:00,27.7,88,1007.4,0.1,17.0
Mumbai,2026-07-09 21:00:00,27.6,89,1007.9,0.0,16.4
Mumbai,2026-07-09 22:00:00,26.8,88,1008.4,0.2,16.0
Mumbai,2026-07-09 23:00:00,27.6,86,1008.1,0.6,14.5
Mumbai,2026-07-10 00:00:00,27.7,85,1007.7,0.1,13.7
Mumbai,2026-07-10 01:00:00,27.3,87,1007.6,0.0,13.4
Mumbai,2026-07-10 02:00:00,27.2,87,1007.0,0.1,15.3
Mumbai,2026-07-10 03:00:00,26.7,86,1007.0,0.3,15.1
Mumbai,2026-07-10 04:00:00,26.9,86,1006.9,0.3,15.0
Mumbai,2026-07-10 05:00:00,27.3,89,1007.0,0.3,15.0
Mumbai,2026-07-10 06:00:00,27.8,86,1007.3,0.0,15.7
Mumbai,2026-07-10 07:00:00,28.2,85,1008.0,0.0,16.7
Mumbai,2026-07-10 08:00:00,28.6,83,1008.6,0.1,17.1
Mumbai,2026-07-10 09:00:00,28.7,83,1009.3,0.2,16.6
Mumbai,2026-07-10 10:00:00,29.0,82,1009.2,0.0,16.6
Mumbai,2026-07-10 11:00:00,29.8,77,1009.3,0.2,17.1
Mumbai,2026-07-10 12:00:00,30.2,75,1009.3,0.2,17.3
Mumbai,2026-07-10 13:00:00,29.8,76,1008.9,0.1,16.9
Mumbai,2026-07-10 14:00:00,29.7,77,1008.7,0.3,17.3
Mumbai,2026-07-10 15:00:00,29.7,77,1008.1,0.2,18.0
Mumbai,2026-07-10 16:00:00,29.3,79,1007.8,0.2,17.8
Mumbai,2026-07-10 17:00:00,29.1,81,1008.0,0.2,15.1
Mumbai,2026-07-10 18:00:00,28.8,82,1008.2,0.1,14.7
Mumbai,2026-07-10 19:00:00,28.4,82,1008.3,0.0,15.0
Mumbai,2026-07-10 20:00:00,28.3,83,1008.8,0.1,14.7
Mumbai,2026-07-10 21:00:00,28.2,83,1009.4,0.1,14.6
Mumbai,2026-07-10 22:00:00,28.3,82,1009.7,0.1,16.4
Mumbai,2026-07-10 23:00:00,27.9,85,1009.6,0.0,17.4
Mumbai,2026-07-11 00:00:00,27.6,87,1008.9,0.0,16.2
Mumbai,2026-07-11 01:00:00,27.4,88,1008.2,0.0,15.9
Mumbai,2026-07-11 02:00:00,27.2,88,1007.5,0.1,15.2
Mumbai,2026-07-11 03:00:00,27.5,87,1007.1,0.1,15.8
Mumbai,2026-07-11 04:00:00,27.8,85,1006.9,0.0,16.7
Mumbai,2026-07-11 05:00:00,27.7,86,1006.9,0.0,14.4
Mumbai,2026-07-11 06:00:00,27.7,86,1007.4,0.0,14.8
Mumbai,2026-07-11 07:00:00,28.1,84,1008.0,0.0,16.5
Mumbai,2026-07-11 08:00:00,28.1,84,1008.6,0.0,18.3
Mumbai,2026-07-11 09:00:00,28.6,82,1009.1,0.0,18.3
Mumbai,2026-07-11 10:00:00,28.5,83,1009.2,0.2,19.1
Mumbai,2026-07-11 11:00:00,29.7,75,1009.2,0.5,21.1
Mumbai,2026-07-11 12:00:00,29.4,74,1008.7,1.0,20.1
Mumbai,2026-07-11 13:00:00,29.7,72,1008.2,1.1,21.4
Mumbai,2026-07-11 14:00:00,29.6,75,1007.4,1.4,21.1
Mumbai,2026-07-11 15:00:00,29.3,76,1007.1,1.2,21.3
Mumbai,2026-07-11 16:00:00,29.1,78,1006.7,0.5,21.5
Mumbai,2026-07-11 17:00:00,28.4,83,1006.5,0.9,18.8
Mumbai,2026-07-11 18:00:00,28.6,83,1006.7,0.4,17.9
Mumbai,2026-07-11 19:00:00,28.3,84,1007.1,0.0,16.5
Mumbai,2026-07-11 20:00:00,28.1,86,1007.5,0.0,17.3
Mumbai,2026-07-11 21:00:00,27.8,88,1007.9,0.0,17.6
Mumbai,2026-07-11 22:00:00,27.4,90,1007.9,0.1,16.2
Mumbai,2026-07-11 23:00:00,28.1,84,1007.5,0.1,16.4
Mumbai,2026-07-12 00:00:00,28.0,84,1006.7,0.0,15.3
Mumbai,2026-07-12 01:00:00,27.9,83,1006.2,0.0,15.1
Mumbai,2026-07-12 02:00:00,27.7,83,1005.7,0.0,16.3
Mumbai,2026-07-12 03:00:00,27.5,84,1005.2,0.1,16.5
Mumbai,2026-07-12 04:00:00,27.5,83,1005.1,0.3,16.5
Mumbai,2026-07-12 05:00:00,27.5,87,1005.1,0.1,17.7
Mumbai,2026-07-12 06:00:00,27.5,88,1005.2,0.1,17.9
Mumbai,2026-07-12 07:00:00,27.9,86,1005.7,0.0,17.8
Mumbai,2026-07-12 08:00:00,28.6,81,1006.3,0.1,18.5
Mumbai,2026-07-12 09:00:00,29.3,78,1006.6,0.2,20.5
Mumbai,2026-07-12 10:00:00,29.6,75,1006.7,0.5,21.2
Mumbai,2026-07-12 11:00:00,30.0,76,1006.8,0.8,22.4
Mumbai,2026-07-12 12:00:00,29.8,75,1006.6,0.2,22.4
Mumbai,2026-07-12 13:00:00,28.8,81,1006.3,0.8,22.1
Mumbai,2026-07-12 14:00:00,28.4,85,1005.8,1.7,23.2
Mumbai,2026-07-12 15:00:00,29.5,77,1005.5,0.8,23.0
Mumbai,2026-07-12 16:00:00,29.3,76,1005.3,0.7,22.0
Mumbai,2026-07-12 17:00:00,29.2,79,1005.2,0.9,20.8
Mumbai,2026-07-12 18:00:00,28.5,83,1005.6,0.2,19.1
Mumbai,2026-07-12 19:00:00,28.4,82,1006.0,0.1,17.8
Mumbai,2026-07-12 20:00:00,28.5,81,1006.5,0.0,17.7
Mumbai,2026-07-12 21:00:00,28.2,82,1006.9,0.0,16.8
Mumbai,2026-07-12 22:00:00,28.4,79,1007.0,0.0,16.4
Mumbai,2026-07-12 23:00:00,28.2,81,1007.0,0.0,16.5
Mumbai,2026-07-13 00:00:00,27.9,83,1006.5,0.0,16.0
Mumbai,2026-07-13 01:00:00,28.2,79,1006.2,0.0,15.6
Mumbai,2026-07-13 02:00:00,27.9,78,1005.6,0.0,16.0
Mumbai,2026-07-13 03:00:00,27.7,80,1005.4,0.0,16.0
Mumbai,2026-07-13 04:00:00,27.6,81,1005.6,0.0,15.6
Mumbai,2026-07-13 05:00:00,27.6,84,1005.7,0.0,15.7
Mumbai,2026-07-13 06:00:00,27.7,84,1006.0,0.0,15.2
Mumbai,2026-07-13 07:00:00,28.2,82,1006.9,0.0,15.3
Mumbai,2026-07-13 08:00:00,28.6,80,1007.4,0.0,17.9
Mumbai,2026-07-13 09:00:00,29.1,77,1007.7,0.1,19.3
Mumbai,2026-07-13 10:00:00,29.5,76,1008.3,0.1,19.6
Mumbai,2026-07-13 11:00:00,30.1,73,1008.5,0.0,19.5
Mumbai,2026-07-13 12:00:00,30.2,72,1008.1,0.0,19.9
Mumbai,2026-07-13 13:00:00,30.1,72,1007.9,0.0,20.1
Mumbai,2026-07-13 14:00:00,29.9,70,1007.6,0.2,20.3
Mumbai,2026-07-13 15:00:00,29.8,70,1007.1,0.2,20.3
Mumbai,2026-07-13 16:00:00,29.4,72,1006.5,0.1,19.6
Mumbai,2026-07-13 17:00:00,29.4,73,1006.3,0.2,17.9
Mumbai,2026-07-13 18:00:00,29.0,76,1006.6,0.0,16.1
Mumbai,2026-07-13 19:00:00,28.5,78,1007.2,0.0,15.9
Mumbai,2026-07-13 20:00:00,28.4,79,1007.9,0.0,15.1
Mumbai,2026-07-13 21:00:00,28.3,79,1008.4,0.0,15.0
Mumbai,2026-07-13 22:00:00,28.2,79,1008.9,0.0,15.4
Mumbai,2026-07-13 23:00:00,28.3,76,1008.7,0.0,14.2
Mumbai,2026-07-14 00:00:00,27.8,79,1008.1,0.0,14.5
Mumbai,2026-07-14 01:00:00,28.0,77,1007.5,0.0,13.8
Mumbai,2026-07-14 02:00:00,28.0,75,1007.0,0.0,14.7
Mumbai,2026-07-14 03:00:00,27.7,76,1006.8,0.0,14.0
Mumbai,2026-07-14 04:00:00,27.4,80,1006.7,0.0,13.7
Mumbai,2026-07-14 05:00:00,27.3,84,1006.7,0.0,12.0
Mumbai,2026-07-14 06:00:00,27.5,83,1007.4,0.0,11.1
Mumbai,2026-07-14 07:00:00,28.1,81,1008.0,0.0,11.4
Mumbai,2026-07-14 08:00:00,28.5,78,1008.5,0.1,13.2
Mumbai,2026-07-14 09:00:00,28.7,79,1009.1,0.3,14.0
Mumbai,2026-07-14 10:00:00,29.3,76,1009.4,0.3,15.3
Mumbai,2026-07-14 11:00:00,30.0,69,1009.3,0.3,14.9
Mumbai,2026-07-14 12:00:00,30.0,70,1008.7,0.0,15.0
Mumbai,2026-07-14 13:00:00,30.1,70,1008.3,0.0,15.7
Mumbai,2026-07-14 14:00:00,30.1,70,1007.3,0.0,15.9
Mumbai,2026-07-14 15:00:00,29.9,70,1006.8,0.0,16.1
Mumbai,2026-07-14 16:00:00,29.5,71,1006.8,0.0,15.8
Mumbai,2026-07-14 17:00:00,29.5,70,1006.8,0.1,15.4
Mumbai,2026-07-14 18:00:00,28.9,73,1007.1,0.0,14.3
Mumbai,2026-07-14 19:00:00,28.3,76,1007.5,0.0,13.4
Mumbai,2026-07-14 20:00:00,28.2,76,1007.8,0.0,14.0
Mumbai,2026-07-14 21:00:00,28.2,76,1008.5,0.1,14.3
Mumbai,2026-07-14 22:00:00,28.2,77,1008.8,0.1,15.2
Mumbai,2026-07-14 23:00:00,28.1,74,1008.6,0.0,14.8
Mumbai,2026-07-15 00:00:00,28.0,74,1008.2,0.0,14.8
Mumbai,2026-07-15 01:00:00,27.9,75,1007.8,0.0,13.6
Mumbai,2026-07-15 02:00:00,27.8,76,1006.9,0.0,14.6
Mumbai,2026-07-15 03:00:00,27.9,73,1006.4,0.2,15.4
Mumbai,2026-07-15 04:00:00,23.6,97,1007.7,3.1,9.7
Mumbai,2026-07-15 05:00:00,27.0,83,1007.0,4.9,14.2
Mumbai,2026-07-15 06:00:00,26.6,85,1007.5,0.1,13.2
Mumbai,2026-07-15 07:00:00,27.1,82,1007.8,0.0,14.1
Mumbai,2026-07-15 08:00:00,27.7,79,1008.2,0.0,14.4
Mumbai,2026-07-15 09:00:00,28.4,77,1008.6,0.0,14.1
Mumbai,2026-07-15 10:00:00,27.7,81,1009.3,0.4,12.7
Mumbai,2026-07-15 11:00:00,29.2,75,1008.7,1.1,19.6
Mumbai,2026-07-15 12:00:00,29.4,70,1008.6,0.2,15.9
Mumbai,2026-07-15 13:00:00,28.7,76,1008.3,0.6,15.6
Mumbai,2026-07-15 14:00:00,29.3,70,1007.8,0.2,13.3
Mumbai,2026-07-15 15:00:00,29.0,75,1007.6,0.5,13.0
Mumbai,2026-07-15 16:00:00,28.0,76,1007.7,0.4,11.7
Mumbai,2026-07-15 17:00:00,28.5,82,1007.0,2.3,7.6
Mumbai,2026-07-15 18:00:00,28.2,78,1007.0,0.3,12.7
Mumbai,2026-07-15 19:00:00,27.9,78,1007.3,0.1,14.2
Mumbai,2026-07-15 20:00:00,27.3,82,1007.9,0.0,12.3
Mumbai,2026-07-15 21:00:00,27.2,83,1008.6,0.3,12.0
Mumbai,2026-07-15 22:00:00,26.3,89,1009.2,0.7,12.4
Mumbai,2026-07-15 23:00:00,28.4,74,1008.6,0.5,13.9
Mumbai,2026-07-16 00:00:00,27.6,78,1008.2,0.4,9.5
Mumbai,2026-07-16 01:00:00,27.1,80,1008.0,0.4,12.5
Mumbai,2026-07-16 02:00:00,26.5,84,1007.6,0.6,12.3
Mumbai,2026-07-16 03:00:00,26.2,86,1007.3,0.4,9.8
Mumbai,2026-07-16 04:00:00,26.0,88,1007.4,0.5,10.0
Mumbai,2026-07-16 05:00:00,26.2,90,1007.4,0.2,6.5
Mumbai,2026-07-16 06:00:00,25.9,93,1007.8,0.9,10.4
Mumbai,2026-07-16 07:00:00,26.3,92,1008.2,0.4,10.7
Mumbai,2026-07-16 08:00:00,26.4,85,1008.6,0.6,10.6
Mumbai,2026-07-16 09:00:00,27.3,84,1009.1,0.5,5.5
Mumbai,2026-07-16 10:00:00,27.4,81,1009.3,0.7,11.2
Mumbai,2026-07-16 11:00:00,29.4,77,1008.6,0.3,9.0
Mumbai,2026-07-16 12:00:00,29.0,75,1008.4,0.2,12.1
Mumbai,2026-07-16 13:00:00,28.7,77,1008.0,0.4,8.7
Mumbai,2026-07-16 14:00:00,29.4,76,1007.4,0.2,6.7
Mumbai,2026-07-16 15:00:00,29.6,72,1007.1,0.1,12.3
Mumbai,2026-07-16 16:00:00,29.0,74,1006.8,0.1,11.7
Mumbai,2026-07-16 17:00:00,28.5,79,1006.8,0.3,6.7
Mumbai,2026-07-16 18:00:00,27.7,86,1007.0,0.3,6.0
Mumbai,2026-07-16 19:00:00,27.6,86,1007.5,0.4,6.0
Mumbai,2026-07-16 20:00:00,27.8,83,1007.9,0.2,8.6
Mumbai,2026-07-16 21:00:00,27.9,79,1008.1,0.1,9.2
Mumbai,2026-07-16 22:00:00,27.4,82,1008.3,0.2,7.2
Mumbai,2026-07-16 23:00:00,27.7,81,1007.9,0.3,10.5
Mumbai,2026-07-17 00:00:00,26.6,87,1007.5,0.7,8.7
Mumbai,2026-07-17 01:00:00,26.6,89,1007.2,0.4,7.8
Mumbai,2026-07-17 02:00:00,27.0,86,1006.9,0.2,9.2
Mumbai,2026-07-17 03:00:00,26.7,85,1006.8,0.3,8.7
Mumbai,2026-07-17 04:00:00,25.9,90,1006.6,0.5,7.3
Mumbai,2026-07-17 05:00:00,24.8,95,1006.7,1.4,8.3
Mumbai,2026-07-17 06:00:00,25.8,89,1007.2,2.9,1.8
Mumbai,2026-07-17 07:00:00,27.1,91,1007.7,0.6,5.5
Mumbai,2026-07-17 08:00:00,28.3,81,1008.0,0.1,9.4
Mumbai,2026-07-17 09:00:00,29.0,75,1008.5,0.3,11.0
Mumbai,2026-07-17 10:00:00,27.6,80,1008.9,0.8,7.7
Mumbai,2026-07-17 11:00:00,29.3,76,1008.3,1.9,13.1
Mumbai,2026-07-17 12:00:00,30.3,71,1008.0,0.1,16.9
Mumbai,2026-07-17 13:00:00,27.7,82,1007.6,1.7,12.5
Mumbai,2026-07-17 14:00:00,29.4,72,1007.2,0.9,13.0
Mumbai,2026-07-17 15:00:00,28.4,77,1006.8,0.5,12.7
Mumbai,2026-07-17 16:00:00,28.5,72,1006.8,0.3,15.0
Mumbai,2026-07-17 17:00:00,29.0,74,1006.5,0.8,14.4
Mumbai,2026-07-17 18:00:00,28.7,77,1006.7,0.6,13.4
Mumbai,2026-07-17 19:00:00,28.5,77,1007.1,0.1,13.3
Mumbai,2026-07-17 20:00:00,28.4,77,1007.7,0.1,12.9
Mumbai,2026-07-17 21:00:00,27.9,80,1008.3,0.2,12.1
Mumbai,2026-07-17 22:00:00,27.3,84,1008.7,0.3,9.2
Mumbai,2026-07-17 23:00:00,27.3,81,1008.2,0.7,9.0
Mumbai,2026-07-18 00:00:00,26.6,87,1007.7,0.5,5.2
Mumbai,2026-07-18 01:00:00,26.0,92,1007.7,0.5,6.2
Mumbai,2026-07-18 02:00:00,25.9,94,1007.2,1.3,3.2
Mumbai,2026-07-18 03:00:00,26.4,91,1006.7,0.5,4.2
Mumbai,2026-07-18 04:00:00,26.1,96,1006.6,0.1,1.4
Mumbai,2026-07-18 05:00:00,26.8,90,1006.4,0.8,10.0
Mumbai,2026-07-18 06:00:00,26.5,88,1007.1,0.8,11.3
Mumbai,2026-07-18 07:00:00,27.1,87,1007.5,0.0,10.1
Mumbai,2026-07-18 08:00:00,27.7,82,1007.8,0.4,11.6
Mumbai,2026-07-18 09:00:00,28.8,74,1008.1,0.5,10.9
Mumbai,2026-07-18 10:00:00,28.9,76,1008.2,0.3,13.3
Mumbai,2026-07-18 11:00:00,30.3,69,1007.8,0.1,18.1
Mumbai,2026-07-18 12:00:00,30.6,70,1007.2,0.0,17.5
Mumbai,2026-07-18 13:00:00,29.7,70,1006.9,0.5,17.8
Mumbai,2026-07-18 14:00:00,28.7,75,1006.5,0.2,21.8
Mumbai,2026-07-18 15:00:00,28.8,78,1006.0,1.3,17.6
Mumbai,2026-07-18 16:00:00,28.2,78,1005.8,0.5,18.2
Mumbai,2026-07-18 17:00:00,26.8,86,1005.9,0.2,11.5
Mumbai,2026-07-18 18:00:00,26.5,90,1006.5,1.4,13.7
Mumbai,2026-07-18 19:00:00,26.2,93,1007.3,2.7,6.2
Mumbai,2026-07-18 20:00:00,26.0,93,1007.8,2.3,10.0
Mumbai,2026-07-18 21:00:00,26.6,93,1008.3,0.7,9.1
Mumbai,2026-07-18 22:00:00,26.5,93,1008.6,0.1,10.1
Mumbai,2026-07-18 23:00:00,26.5,88,1007.8,0.5,12.0
Mumbai,2026-07-19 00:00:00,26.5,89,1007.3,0.4,9.1
Mumbai,2026-07-19 01:00:00,26.1,90,1006.9,0.6,10.3
Mumbai,2026-07-19 02:00:00,26.2,89,1006.5,0.9,8.8
Mumbai,2026-07-19 03:00:00,25.8,88,1006.4,0.4,9.2
Mumbai,2026-07-19 04:00:00,26.2,86,1006.0,0.5,8.7
Mumbai,2026-07-19 05:00:00,26.6,90,1005.8,0.7,10.1
Mumbai,2026-07-19 06:00:00,26.9,88,1006.0,0.2,10.6
Mumbai,2026-07-19 07:00:00,27.3,85,1006.4,0.6,12.6
Mumbai,2026-07-19 08:00:00,26.8,86,1007.0,1.4,14.6
Mumbai,2026-07-19 09:00:00,27.2,89,1007.5,3.5,10.6
Mumbai,2026-07-19 10:00:00,28.0,81,1007.9,0.8,14.5
Mumbai,2026-07-19 11:00:00,27.9,82,1007.4,3.6,14.0
Mumbai,2026-07-19 12:00:00,28.3,80,1006.9,2.9,12.9
Mumbai,2026-07-19 13:00:00,28.6,72,1006.5,1.7,17.1
Mumbai,2026-07-19 14:00:00,27.3,79,1006.2,2.0,18.1
Mumbai,2026-07-19 15:00:00,28.0,80,1005.8,0.7,16.1
Mumbai,2026-07-19 16:00:00,27.8,80,1005.3,1.0,16.8
Mumbai,2026-07-19 17:00:00,27.8,81,1005.5,2.1,15.6
Mumbai,2026-07-19 18:00:00,27.3,84,1005.9,0.6,14.7
Mumbai,2026-07-19 19:00:00,27.0,89,1006.3,0.4,11.5
Mumbai,2026-07-19 20:00:00,26.1,90,1007.4,1.0,15.5
Mumbai,2026-07-19 21:00:00,25.1,93,1008.3,4.2,12.9
Mumbai,2026-07-19 22:00:00,26.0,91,1008.5,2.6,13.9
Mumbai,2026-07-19 23:00:00,25.7,91,1007.6,0.3,12.3
Mumbai,2026-07-20 00:00:00,25.6,91,1007.3,1.9,13.8
Mumbai,2026-07-20 01:00:00,25.3,94,1006.8,2.4,15.5
Mumbai,2026-07-20 02:00:00,25.8,91,1006.2,3.2,17.7
Mumbai,2026-07-20 03:00:00,25.9,92,1005.8,1.7,13.6
Mumbai,2026-07-20 04:00:00,25.9,91,1006.2,2.5,14.2
Mumbai,2026-07-20 05:00:00,26.3,91,1005.5,1.8,10.4
Mumbai,2026-07-20 06:00:00,26.9,86,1005.7,0.7,16.0
Mumbai,2026-07-20 07:00:00,26.1,87,1006.4,1.2,17.4
Mumbai,2026-07-20 08:00:00,26.8,89,1006.9,1.1,11.8
Mumbai,2026-07-20 09:00:00,27.0,88,1007.5,0.7,14.0
Mumbai,2026-07-20 10:00:00,27.2,86,1007.6,1.3,12.3
Mumbai,2026-07-20 11:00:00,27.9,80,1007.2,3.6,16.6
Mumbai,2026-07-20 12:00:00,27.9,81,1007.4,1.1,13.7
Mumbai,2026-07-20 13:00:00,28.9,77,1006.5,0.7,17.8
Mumbai,2026-07-20 14:00:00,27.6,84,1006.2,1.7,14.5
Mumbai,2026-07-20 15:00:00,26.5,90,1006.1,5.0,18.1
Mumbai,2026-07-20 16:00:00,25.9,91,1005.4,3.7,18.6
Mumbai,2026-07-20 17:00:00,27.8,82,1005.1,4.3,22.2
Mumbai,2026-07-20 18:00:00,27.5,82,1005.5,1.0,18.8
Mumbai,2026-07-20 19:00:00,26.2,89,1006.4,1.4,19.8
Mumbai,2026-07-20 20:00:00,26.2,91,1007.1,4.3,15.4
Mumbai,2026-07-20 21:00:00,26.5,89,1008.0,1.9,17.1
Mumbai,2026-07-20 22:00:00,25.6,93,1008.2,3.5,11.3
Mumbai,2026-07-20 23:00:00,28.2,79,1007.5,2.2,24.0
Mumbai,2026-07-21 00:00:00,27.2,83,1007.3,0.7,20.3
Mumbai,2026-07-21 01:00:00,26.0,90,1006.5,2.3,12.2
Mumbai,2026-07-21 02:00:00,27.5,80,1005.7,0.2,19.8
Mumbai,2026-07-21 03:00:00,27.5,81,1005.6,0.8,19.8
Mumbai,2026-07-21 04:00:00,27.5,81,1005.4,0.0,21.1
Mumbai,2026-07-21 05:00:00,27.8,80,1005.1,0.4,21.4
Mumbai,2026-07-21 06:00:00,27.1,82,1005.6,0.2,20.6
Mumbai,2026-07-21 07:00:00,27.1,81,1006.0,0.4,21.7
Mumbai,2026-07-21 08:00:00,28.5,79,1006.2,0.2,19.6
Mumbai,2026-07-21 09:00:00,28.1,79,1006.8,1.0,17.6
Mumbai,2026-07-21 10:00:00,28.8,72,1006.7,0.4,21.9
Mumbai,2026-07-21 11:00:00,26.4,90,1006.9,1.3,8.3
Mumbai,2026-07-21 12:00:00,29.0,79,1006.4,0.3,20.4
Mumbai,2026-07-21 13:00:00,29.0,77,1005.9,0.3,22.5
Mumbai,2026-07-21 14:00:00,28.4,81,1005.2,0.6,20.3
Mumbai,2026-07-21 15:00:00,28.3,78,1005.0,0.3,23.0
Mumbai,2026-07-21 16:00:00,26.7,88,1004.7,1.0,17.6
Mumbai,2026-07-21 17:00:00,26.4,87,1004.9,0.2,22.3
Mumbai,2026-07-21 18:00:00,26.3,87,1005.2,1.3,23.3
Mumbai,2026-07-21 19:00:00,25.9,90,1006.0,1.3,23.7
Mumbai,2026-07-21 20:00:00,24.8,96,1006.5,3.8,11.2
Mumbai,2026-07-21 21:00:00,25.7,91,1006.7,1.8,18.0
Mumbai,2026-07-21 22:00:00,26.2,90,1007.2,4.2,14.4
Mumbai,2026-07-21 23:00:00,27.1,83,1006.1,2.2,20.2
Mumbai,2026-07-22 00:00:00,27.9,82,1005.2,0.6,23.3
Mumbai,2026-07-22 01:00:00,26.4,88,1005.3,2.6,20.5
Mumbai,2026-07-22 02:00:00,26.4,89,1005.0,2.3,22.5
Mumbai,2026-07-22 03:00:00,25.9,89,1005.1,2.9,24.1
Mumbai,2026-07-22 04:00:00,26.1,90,1005.0,3.4,21.0
Mumbai,2026-07-22 05:00:00,26.0,89,1004.2,4.1,24.0
Mumbai,2026-07-22 06:00:00,26.1,90,1005.1,2.2,24.9
Mumbai,2026-07-22 07:00:00,26.3,91,1005.6,2.6,24.0
Mumbai,2026-07-22 08:00:00,26.2,89,1005.5,1.1,22.7
Mumbai,2026-07-22 09:00:00,27.6,82,1005.9,1.5,24.4
Mumbai,2026-07-22 10:00:00,27.8,79,1006.1,1.3,25.6
Mumbai,2026-07-22 11:00:00,27.0,85,1006.3,1.9,19.2
Mumbai,2026-07-22 12:00:00,27.5,82,1005.7,2.3,24.0
Mumbai,2026-07-22 13:00:00,27.5,82,1005.2,2.4,23.8
Mumbai,2026-07-22 14:00:00,26.8,85,1004.3,1.8,25.4
Mumbai,2026-07-22 15:00:00,25.6,90,1004.5,4.6,21.3
Mumbai,2026-07-22 16:00:00,26.3,87,1004.3,4.6,23.9
Mumbai,2026-07-22 17:00:00,27.1,84,1003.5,3.1,27.9
Mumbai,2026-07-22 18:00:00,26.6,91,1003.5,4.3,27.3
Mumbai,2026-07-22 19:00:00,27.1,84,1004.2,2.0,27.2
Mumbai,2026-07-22 20:00:00,26.8,85,1005.1,2.9,28.2
Mumbai,2026-07-22 21:00:00,25.8,89,1005.5,4.5,21.9
Mumbai,2026-07-22 22:00:00,26.3,88,1006.1,6.7,26.9
Mumbai,2026-07-22 23:00:00,27.2,83,1004.7,5.3,34.0
Mumbai,2026-07-23 00:00:00,26.7,84,1004.0,3.4,32.5
Mumbai,2026-07-23 01:00:00,25.8,88,1003.7,4.9,28.9
Mumbai,2026-07-23 02:00:00,25.8,87,1003.8,6.1,33.5
Mumbai,2026-07-23 03:00:00,25.7,87,1003.6,9.9,32.5
Mumbai,2026-07-23 04:00:00,26.4,85,1002.9,7.1,29.4
Mumbai,2026-07-23 05:00:00,26.1,91,1002.3,6.6,23.7
Mumbai,2026-07-23 06:00:00,26.6,90,1002.6,5.7,29.8
Mumbai,2026-07-23 07:00:00,26.6,90,1003.3,7.6,26.7
Mumbai,2026-07-23 08:00:00,27.2,87,1003.2,5.6,32.1
Mumbai,2026-07-23 09:00:00,27.0,89,1003.6,5.5,30.7
Mumbai,2026-07-23 10:00:00,26.7,90,1003.7,7.4,29.5
Mumbai,2026-07-23 11:00:00,26.7,89,1003.6,8.9,26.1
Mumbai,2026-07-23 12:00:00,26.7,91,1003.4,6.2,25.5
Mumbai,2026-07-23 13:00:00,26.9,89,1003.3,6.0,28.6
Mumbai,2026-07-23 14:00:00,26.8,87,1002.8,5.2,27.7
Mumbai,2026-07-23 15:00:00,27.0,87,1002.5,5.0,29.9
Mumbai,2026-07-23 16:00:00,26.8,88,1002.8,1.9,23.1
Mumbai,2026-07-23 17:00:00,27.6,84,1002.2,0.9,26.3
Mumbai,2026-07-23 18:00:00,28.0,81,1002.3,0.5,29.5
Mumbai,2026-07-23 19:00:00,28.1,80,1002.7,0.1,27.4
Mumbai,2026-07-23 20:00:00,27.4,83,1003.5,1.0,26.2
Mumbai,2026-07-23 21:00:00,27.3,83,1004.2,0.9,25.8
Mumbai,2026-07-23 22:00:00,28.0,82,1004.4,0.6,26.1
Mumbai,2026-07-23 23:00:00,27.9,75,1004.0,0.0,29.6
Mumbai,2026-07-24 00:00:00,27.3,83,1003.7,0.4,24.0
Mumbai,2026-07-24 01:00:00,27.5,84,1003.5,1.3,24.2
Mumbai,2026-07-24 02:00:00,25.0,93,1003.3,4.7,23.2
Mumbai,2026-07-24 03:00:00,26.5,89,1002.7,3.9,27.3
Mumbai,2026-07-24 04:00:00,26.2,89,1002.9,1.2,26.3
Mumbai,2026-07-24 05:00:00,27.3,86,1002.5,2.9,28.8
Mumbai,2026-07-24 06:00:00,26.2,86,1002.8,0.9,26.6
Mumbai,2026-07-24 07:00:00,26.1,88,1004.3,5.0,30.1
Mumbai,2026-07-24 08:00:00,27.0,89,1004.4,4.3,24.4
Mumbai,2026-07-24 09:00:00,26.1,88,1005.2,1.3,17.4
Mumbai,2026-07-24 10:00:00,26.6,84,1005.7,1.7,17.5
Mumbai,2026-07-24 11:00:00,26.7,85,1005.1,5.3,20.9
Mumbai,2026-07-24 12:00:00,27.3,84,1004.3,3.2,25.8
Mumbai,2026-07-24 13:00:00,28.0,84,1003.9,1.6,25.2
Mumbai,2026-07-24 14:00:00,28.4,81,1003.0,0.2,21.5
Mumbai,2026-07-24 15:00:00,28.1,84,1002.5,1.6,21.4
Mumbai,2026-07-24 16:00:00,27.5,87,1002.4,1.9,15.9
Mumbai,2026-07-24 17:00:00,28.6,79,1001.8,1.5,25.5
Mumbai,2026-07-24 18:00:00,27.9,82,1002.0,0.1,24.5
Mumbai,2026-07-24 19:00:00,27.5,85,1002.7,1.0,22.3
Mumbai,2026-07-24 20:00:00,27.4,84,1003.6,0.4,22.3
Mumbai,2026-07-24 21:00:00,27.5,82,1004.2,0.7,22.6
Mumbai,2026-07-24 22:00:00,27.8,81,1004.4,0.8,23.1
Mumbai,2026-07-24 23:00:00,28.1,78,1004.0,0.1,22.5
Mumbai,2026-07-25 00:00:00,28.1,80,1003.8,0.0,22.8
Mumbai,2026-07-25 01:00:00,27.9,81,1003.5,0.0,22.2
Mumbai,2026-07-25 02:00:00,27.5,82,1002.9,0.0,24.3
Mumbai,2026-07-25 03:00:00,26.8,86,1002.8,0.7,21.2
Mumbai,2026-07-25 04:00:00,26.5,84,1003.3,0.5,19.7
Mumbai,2026-07-25 05:00:00,27.4,84,1003.6,1.5,21.2
Mumbai,2026-07-25 06:00:00,27.3,87,1003.9,0.6,20.9
Mumbai,2026-07-25 07:00:00,27.4,84,1005.0,0.1,18.7
Mumbai,2026-07-25 08:00:00,27.5,83,1005.1,0.2,18.0
Mumbai,2026-07-25 09:00:00,28.7,80,1005.6,0.7,17.9
Mumbai,2026-07-25 10:00:00,29.0,78,1005.7,0.0,17.7
Mumbai,2026-07-25 11:00:00,28.5,81,1005.3,0.8,19.6
Mumbai,2026-07-25 12:00:00,29.6,79,1005.1,0.1,20.3
Mumbai,2026-07-25 13:00:00,29.6,79,1004.7,0.2,20.1
Mumbai,2026-07-25 14:00:00,29.5,78,1004.5,0.2,20.4
Mumbai,2026-07-25 15:00:00,29.6,76,1004.1,0.2,20.7
Mumbai,2026-07-25 16:00:00,29.0,78,1003.6,0.5,21.6
Mumbai,2026-07-25 17:00:00,28.1,83,1003.6,0.9,18.2
Mumbai,2026-07-25 18:00:00,27.2,85,1004.2,0.7,16.7
Mumbai,2026-07-25 19:00:00,27.6,84,1004.3,1.0,17.3
Mumbai,2026-07-25 20:00:00,25.8,91,1005.5,2.2,15.9
Mumbai,2026-07-25 21:00:00,25.4,95,1006.3,2.8,4.3
Mumbai,2026-07-25 22:00:00,25.7,95,1006.8,2.8,8.2
Mumbai,2026-07-25 23:00:00,27.1,91,1005.9,3.9,9.6
Mumbai,2026-07-26 00:00:00,26.2,90,1005.3,2.0,12.7
Mumbai,2026-07-26 01:00:00,26.8,91,1005.2,0.5,11.9
Mumbai,2026-07-26 02:00:00,25.8,93,1005.2,1.1,11.3
Mumbai,2026-07-26 03:00:00,25.8,91,1005.0,0.7,13.0
Mumbai,2026-07-26 04:00:00,25.8,94,1004.9,0.7,10.0
Mumbai,2026-07-26 05:00:00,26.5,91,1004.7,1.2,11.3
Mumbai,2026-07-26 06:00:00,25.3,91,1004.9,0.6,13.3
Mumbai,2026-07-26 07:00:00,26.6,91,1005.2,1.0,9.7
Mumbai,2026-07-26 08:00:00,28.0,84,1005.6,0.3,12.2
Mumbai,2026-07-26 09:00:00,28.2,79,1006.4,0.3,14.0
Mumbai,2026-07-26 10:00:00,27.7,80,1006.5,1.6,13.6
Mumbai,2026-07-26 11:00:00,29.1,76,1006.1,4.1,15.7
Mumbai,2026-07-26 12:00:00,27.6,87,1006.1,2.5,14.7
Mumbai,2026-07-26 13:00:00,28.0,87,1006.0,1.0,14.1
Mumbai,2026-07-26 14:00:00,27.9,83,1005.5,0.7,17.2
Mumbai,2026-07-26 15:00:00,28.8,82,1004.8,1.4,12.4
Mumbai,2026-07-26 16:00:00,27.5,86,1004.5,1.6,11.7
Mumbai,2026-07-26 17:00:00,27.0,90,1004.6,1.7,14.1
Mumbai,2026-07-26 18:00:00,26.7,91,1004.6,1.3,13.9
Mumbai,2026-07-26 19:00:00,27.1,90,1004.9,0.2,12.3
Mumbai,2026-07-26 20:00:00,27.1,87,1005.3,0.4,11.2
Mumbai,2026-07-26 21:00:00,26.9,88,1006.0,0.4,10.0
Mumbai,2026-07-26 22:00:00,25.7,91,1006.5,2.1,9.2
Mumbai,2026-07-26 23:00:00,25.9,89,1005.9,4.7,6.3
Mumbai,2026-07-27 00:00:00,26.1,91,1005.5,0.9,2.7
Mumbai,2026-07-27 01:00:00,25.8,93,1004.8,1.6,5.4
Mumbai,2026-07-27 02:00:00,25.9,93,1004.6,0.4,7.3
Mumbai,2026-07-27 03:00:00,26.0,93,1004.3,1.3,4.3
Mumbai,2026-07-27 04:00:00,26.1,92,1004.2,0.6,8.0
Mumbai,2026-07-27 05:00:00,26.5,89,1004.1,1.2,10.7
Mumbai,2026-07-27 06:00:00,26.2,91,1004.2,0.8,9.8
Mumbai,2026-07-27 07:00:00,26.5,92,1004.5,1.5,11.2
Mumbai,2026-07-27 08:00:00,26.5,91,1005.1,3.3,14.2
Mumbai,2026-07-27 09:00:00,26.4,90,1005.8,17.2,16.6
Mumbai,2026-07-27 10:00:00,27.5,87,1005.7,2.4,15.7
Mumbai,2026-07-27 11:00:00,28.4,80,1005.5,0.9,16.0
Mumbai,2026-07-27 12:00:00,29.0,77,1004.8,0.7,18.2
Mumbai,2026-07-27 13:00:00,28.5,81,1004.8,1.0,15.1
Mumbai,2026-07-27 14:00:00,28.8,82,1004.1,0.4,15.7
Mumbai,2026-07-27 15:00:00,28.0,80,1003.9,0.6,17.0
Mumbai,2026-07-27 16:00:00,28.1,81,1003.1,0.8,17.8
Mumbai,2026-07-27 17:00:00,26.8,93,1003.5,0.1,11.1
Mumbai,2026-07-27 18:00:00,26.7,92,1003.2,1.0,12.1
Mumbai,2026-07-27 19:00:00,26.3,92,1003.7,1.5,11.1
Mumbai,2026-07-27 20:00:00,26.2,93,1004.0,2.6,5.9
Mumbai,2026-07-27 21:00:00,26.3,93,1004.8,0.7,5.0
Mumbai,2026-07-27 22:00:00,26.6,92,1005.1,0.4,6.5
Mumbai,2026-07-27 23:00:00,26.6,89,1004.7,1.0,7.8
Mumbai,2026-07-28 00:00:00,26.4,92,1004.3,0.7,7.4
Mumbai,2026-07-28 01:00:00,26.4,93,1004.2,0.3,8.1
Mumbai,2026-07-28 02:00:00,25.8,93,1003.9,1.3,9.6
Mumbai,2026-07-28 03:00:00,25.9,95,1003.3,0.6,5.8
Mumbai,2026-07-28 04:00:00,25.9,93,1003.4,0.9,8.5
Mumbai,2026-07-28 05:00:00,26.3,91,1002.7,0.7,7.0
Mumbai,2026-07-28 06:00:00,26.8,92,1003.0,0.0,10.3
Mumbai,2026-07-28 07:00:00,27.4,85,1003.6,0.6,11.9
Mumbai,2026-07-28 08:00:00,28.1,80,1004.1,0.9,12.7
Mumbai,2026-07-28 09:00:00,28.8,78,1004.7,0.3,13.2
Mumbai,2026-07-28 10:00:00,29.0,80,1005.0,0.1,15.8
Mumbai,2026-07-28 11:00:00,28.5,82,1004.9,0.1,18.0
Mumbai,2026-07-28 12:00:00,29.4,78,1004.5,0.0,18.2
Mumbai,2026-07-28 13:00:00,29.6,71,1004.2,0.4,20.9
Mumbai,2026-07-28 14:00:00,29.5,77,1003.4,0.4,21.4
Mumbai,2026-07-28 15:00:00,29.2,77,1003.1,0.0,21.6
Mumbai,2026-07-28 16:00:00,28.9,77,1002.4,0.3,20.9
Mumbai,2026-07-28 17:00:00,28.8,78,1002.3,0.4,21.9
Mumbai,2026-07-28 18:00:00,28.2,83,1002.4,0.3,19.5
Mumbai,2026-07-28 19:00:00,27.9,84,1003.0,0.1,18.2
Mumbai,2026-07-28 20:00:00,27.8,84,1003.8,0.1,18.6
Mumbai,2026-07-28 21:00:00,27.5,86,1004.5,0.1,17.3
Mumbai,2026-07-28 22:00:00,27.2,86,1005.0,0.2,17.3
Mumbai,2026-07-28 23:00:00,27.5,88,1004.4,0.4,14.9
Mumbai,2026-07-29 00:00:00,26.6,89,1003.9,0.1,15.9
Mumbai,2026-07-29 01:00:00,27.0,89,1003.7,0.5,15.6
Mumbai,2026-07-29 02:00:00,27.1,88,1002.9,0.0,15.4
Mumbai,2026-07-29 03:00:00,27.2,86,1002.4,0.2,16.5
Mumbai,2026-07-29 04:00:00,26.8,88,1002.3,0.6,16.8
Mumbai,2026-07-29 05:00:00,26.9,89,1002.4,0.3,18.4
Mumbai,2026-07-29 06:00:00,27.7,83,1002.8,0.2,19.9
Mumbai,2026-07-29 07:00:00,27.8,82,1003.4,0.9,19.8
Mumbai,2026-07-29 08:00:00,28.4,78,1004.0,0.8,18.8
Mumbai,2026-07-29 09:00:00,28.9,74,1004.3,0.9,21.1
Mumbai,2026-07-29 10:00:00,28.8,76,1004.6,0.7,23.4
Mumbai,2026-07-29 11:00:00,29.5,73,1004.7,0.3,22.2
Mumbai,2026-07-29 12:00:00,29.2,80,1004.1,0.3,23.8
Mumbai,2026-07-29 13:00:00,29.3,76,1003.8,0.3,25.0
Mumbai,2026-07-29 14:00:00,29.0,75,1003.2,0.3,25.1
Mumbai,2026-07-29 15:00:00,28.9,75,1002.6,1.2,24.9
Mumbai,2026-07-29 16:00:00,27.7,84,1002.0,0.9,23.4
Mumbai,2026-07-29 17:00:00,28.3,81,1002.2,0.7,20.5
Mumbai,2026-07-29 18:00:00,27.8,81,1002.2,0.5,20.9
Mumbai,2026-07-29 19:00:00,27.9,82,1002.5,0.4,21.2
Mumbai,2026-07-29 20:00:00,27.5,84,1003.1,0.6,19.8
Mumbai,2026-07-29 21:00:00,27.6,86,1003.4,0.5,20.5
Mumbai,2026-07-29 22:00:00,27.3,87,1003.6,0.8,20.2
Mumbai,2026-07-29 23:00:00,26.5,91,1003.0,0.1,19.3
Mumbai,2026-07-30 00:00:00,27.4,83,1002.4,1.0,19.7
Mumbai,2026-07-30 01:00:00,26.9,88,1001.9,0.5,19.0
Mumbai,2026-07-30 02:00:00,26.4,90,1001.4,0.4,16.2
Mumbai,2026-07-30 03:00:00,26.9,87,1001.2,0.2,14.8
Mumbai,2026-07-30 04:00:00,27.0,85,1000.9,0.2,13.9
Mumbai,2026-07-30 05:00:00,27.7,84,1000.6,0.2,18.3
Mumbai,2026-07-30 06:00:00,26.5,92,1000.9,0.3,18.4
Mumbai,2026-07-30 07:00:00,26.9,90,1001.4,0.5,15.1
Mumbai,2026-07-30 08:00:00,27.2,86,1001.9,0.3,15.9
Mumbai,2026-07-30 09:00:00,27.2,88,1002.2,0.4,14.5
Mumbai,2026-07-30 10:00:00,27.9,85,1002.1,0.2,15.3
Mumbai,2026-07-30 11:00:00,28.2,84,1002.3,0.5,15.7
Mumbai,2026-07-30 12:00:00,28.0,83,1001.8,0.5,18.6
Mumbai,2026-07-30 13:00:00,27.8,84,1001.4,0.4,19.8
Mumbai,2026-07-30 14:00:00,27.9,84,1000.4,0.6,18.2
Mumbai,2026-07-30 15:00:00,27.1,88,1000.0,1.0,19.7
Mumbai,2026-07-30 16:00:00,27.6,86,999.4,0.1,16.4
Mumbai,2026-07-30 17:00:00,27.0,86,999.5,0.8,18.4
Mumbai,2026-07-30 18:00:00,27.7,83,999.7,0.4,18.4
Mumbai,2026-07-30 19:00:00,27.6,84,999.9,0.2,20.2
Mumbai,2026-07-30 20:00:00,27.5,85,1000.6,0.6,18.8
Mumbai,2026-07-30 21:00:00,27.6,84,1000.9,0.3,18.6
Mumbai,2026-07-30 22:00:00,27.7,83,1001.3,0.1,18.6
Mumbai,2026-07-30 23:00:00,27.2,84,1001.0,0.1,16.8
Delhi,2026-07-01 00:00:00,31.3,73,999.4,0.0,11.1
Delhi,2026-07-01 01:00:00,31.0,74,999.1,0.0,11.5
Delhi,2026-07-01 02:00:00,30.4,74,999.3,0.0,11.0
Delhi,2026-07-01 03:00:00,29.9,70,999.2,0.0,10.5
Delhi,2026-07-01 04:00:00,28.8,74,999.7,0.5,10.6
Delhi,2026-07-01 05:00:00,27.7,94,999.8,0.3,10.0
Delhi,2026-07-01 06:00:00,26.9,91,1000.5,0.3,13.8
Delhi,2026-07-01 07:00:00,27.0,90,1000.9,0.4,10.4
Delhi,2026-07-01 08:00:00,28.5,84,1001.1,0.1,8.7
Delhi,2026-07-01 09:00:00,29.7,81,1001.4,0.0,5.2
Delhi,2026-07-01 10:00:00,30.7,77,1001.6,0.0,5.6
Delhi,2026-07-01 11:00:00,30.3,71,1002.2,0.1,8.6
Delhi,2026-07-01 12:00:00,30.8,70,1001.7,0.0,7.2
Delhi,2026-07-01 13:00:00,31.3,69,1000.8,0.0,7.2
Delhi,2026-07-01 14:00:00,32.2,65,999.8,0.0,8.1
Delhi,2026-07-01 15:00:00,32.7,62,998.9,0.0,7.9
Delhi,2026-07-01 16:00:00,32.1,65,998.5,0.0,8.0
Delhi,2026-07-01 17:00:00,32.6,60,997.8,0.0,9.4
Delhi,2026-07-01 18:00:00,31.2,66,998.0,0.0,8.0
Delhi,2026-07-01 19:00:00,30.4,70,998.7,0.0,6.9
Delhi,2026-07-01 20:00:00,29.9,73,999.6,0.0,5.8
Delhi,2026-07-01 21:00:00,29.8,74,1000.4,0.0,4.6
Delhi,2026-07-01 22:00:00,29.7,75,1001.3,0.0,2.9
Delhi,2026-07-01 23:00:00,30.2,73,1001.1,0.1,6.6
Delhi,2026-07-02 00:00:00,30.2,75,1001.2,0.0,2.3
Delhi,2026-07-02 01:00:00,29.7,75,1001.1,0.0,4.7
Delhi,2026-07-02 02:00:00,28.9,78,1000.8,0.1,7.3
Delhi,2026-07-02 03:00:00,28.1,76,1000.9,0.0,7.1
Delhi,2026-07-02 04:00:00,27.9,75,1001.4,0.0,6.6
Delhi,2026-07-02 05:00:00,25.9,95,1002.0,0.0,6.5
Delhi,2026-07-02 06:00:00,25.9,93,1002.4,4.4,3.8
Delhi,2026-07-02 07:00:00,26.1,93,1001.9,1.9,3.8
Delhi,2026-07-02 08:00:00,26.8,92,1001.6,0.4,4.0
Delhi,2026-07-02 09:00:00,28.3,82,1002.1,0.0,4.3
Delhi,2026-07-02 10:00:00,28.0,83,1002.5,0.0,2.1
Delhi,2026-07-02 11:00:00,27.1,85,1002.4,0.0,0.8
Delhi,2026-07-02 12:00:00,27.9,77,1001.9,0.0,2.7
Delhi,2026-07-02 13:00:00,29.7,69,1000.9,0.0,5.2
Delhi,2026-07-02 14:00:00,30.2,66,999.9,0.0,6.3
Delhi,2026-07-02 15:00:00,30.8,65,999.2,0.0,6.6
Delhi,2026-07-02 16:00:00,31.2,64,998.6,0.0,5.8
Delhi,2026-07-02 17:00:00,31.5,64,998.2,0.0,4.0
Delhi,2026-07-02 18:00:00,31.4,65,998.3,0.0,3.3
Delhi,2026-07-02 19:00:00,30.7,73,998.8,0.0,5.3
Delhi,2026-07-02 20:00:00,30.0,78,999.6,0.0,5.6
Delhi,2026-07-02 21:00:00,29.7,81,1000.6,0.0,5.8
Delhi,2026-07-02 22:00:00,29.3,83,1001.4,0.0,6.2
Delhi,2026-07-02 23:00:00,29.2,82,1001.8,0.0,7.4
Delhi,2026-07-03 00:00:00,28.9,84,1001.5,0.0,5.4
Delhi,2026-07-03 01:00:00,28.6,86,1001.3,0.0,6.4
Delhi,2026-07-03 02:00:00,28.2,87,1000.8,0.0,6.9
Delhi,2026-07-03 03:00:00,27.9,88,1000.8,0.0,6.3
Delhi,2026-07-03 04:00:00,27.8,88,1000.7,0.0,6.5
Delhi,2026-07-03 05:00:00,27.0,91,1001.0,0.0,6.3
Delhi,2026-07-03 06:00:00,27.6,87,1001.4,0.0,5.8
Delhi,2026-07-03 07:00:00,28.8,81,1001.9,0.0,3.6
Delhi,2026-07-03 08:00:00,30.5,73,1001.7,0.0,4.3
Delhi,2026-07-03 09:00:00,32.4,62,1001.5,0.0,6.0
Delhi,2026-07-03 10:00:00,33.5,55,1001.5,0.1,7.9
Delhi,2026-07-03 11:00:00,34.5,49,1001.1,0.1,5.8
Delhi,2026-07-03 12:00:00,33.8,54,1000.8,0.3,6.2
Delhi,2026-07-03 13:00:00,33.9,55,1000.1,0.0,4.8
Delhi,2026-07-03 14:00:00,34.0,55,999.0,0.0,2.9
Delhi,2026-07-03 15:00:00,34.3,54,998.5,0.0,2.4
Delhi,2026-07-03 16:00:00,34.4,53,997.9,0.0,2.9
Delhi,2026-07-03 17:00:00,33.8,57,997.4,0.0,5.6
Delhi,2026-07-03 18:00:00,32.7,64,998.1,0.0,5.8
Delhi,2026-07-03 19:00:00,31.6,71,998.9,0.0,6.5
Delhi,2026-07-03 20:00:00,30.9,75,999.5,0.0,4.8
Delhi,2026-07-03 21:00:00,30.5,77,1000.2,0.0,4.4
Delhi,2026-07-03 22:00:00,30.4,79,1000.4,0.0,4.2
Delhi,2026-07-03 23:00:00,30.7,75,999.8,0.0,5.1
Delhi,2026-07-04 00:00:00,30.5,74,999.8,0.0,3.9
Delhi,2026-07-04 01:00:00,30.2,74,999.8,0.0,4.0
Delhi,2026-07-04 02:00:00,30.0,74,999.7,0.0,4.3
Delhi,2026-07-04 03:00:00,29.9,75,999.5,0.0,3.4
Delhi,2026-07-04 04:00:00,29.9,76,999.4,0.0,2.4
Delhi,2026-07-04 05:00:00,29.2,82,999.6,0.0,3.9
Delhi,2026-07-04 06:00:00,29.6,81,1000.0,0.0,3.8
Delhi,2026-07-04 07:00:00,30.7,77,1000.4,0.0,2.8
Delhi,2026-07-04 08:00:00,31.2,71,1000.1,0.2,4.9
Delhi,2026-07-04 09:00:00,32.2,66,999.8,0.4,4.3
Delhi,2026-07-04 10:00:00,33.4,62,999.9,0.0,4.1
Delhi,2026-07-04 11:00:00,32.6,65,999.9,0.1,2.5
Delhi,2026-07-04 12:00:00,34.1,57,999.5,0.3,2.4
Delhi,2026-07-04 13:00:00,35.7,51,998.3,0.1,2.2
Delhi,2026-07-04 14:00:00,36.4,49,997.3,0.0,3.9
Delhi,2026-07-04 15:00:00,36.5,48,996.5,0.1,5.1
Delhi,2026-07-04 16:00:00,36.5,49,995.9,0.1,5.2
Delhi,2026-07-04 17:00:00,33.4,67,996.2,0.1,6.8
Delhi,2026-07-04 18:00:00,32.9,70,995.9,0.0,4.6
Delhi,2026-07-04 19:00:00,32.1,78,996.3,0.0,2.2
Delhi,2026-07-04 20:00:00,31.7,79,996.9,0.0,4.3
Delhi,2026-07-04 21:00:00,31.5,81,997.4,0.0,2.7
Delhi,2026-07-04 22:00:00,31.0,82,998.3,0.0,6.2
Delhi,2026-07-04 23:00:00,31.7,76,998.2,0.0,6.1
Delhi,2026-07-05 00:00:00,30.8,81,997.7,0.0,3.5
Delhi,2026-07-05 01:00:00,30.4,84,997.7,0.0,3.2
Delhi,2026-07-05 02:00:00,30.2,85,997.6,0.0,4.5
Delhi,2026-07-05 03:00:00,29.7,86,997.7,0.0,6.1
Delhi,2026-07-05 04:00:00,29.0,88,998.0,0.5,6.9
Delhi,2026-07-05 05:00:00,28.8,91,998.1,0.1,6.6
Delhi,2026-07-05 06:00:00,29.4,87,998.5,0.0,3.8
Delhi,2026-07-05 07:00:00,30.8,80,999.1,0.0,3.8
Delhi,2026-07-05 08:00:00,32.8,70,999.0,0.0,4.7
Delhi,2026-07-05 09:00:00,34.4,59,998.8,0.0,4.7
Delhi,2026-07-05 10:00:00,34.5,55,998.8,0.2,8.8
Delhi,2026-07-05 11:00:00,31.5,75,999.4,2.5,6.5
Delhi,2026-07-05 12:00:00,33.9,64,998.5,0.0,1.7
Delhi,2026-07-05 13:00:00,33.4,63,998.0,0.2,8.4
Delhi,2026-07-05 14:00:00,32.1,71,997.2,0.2,8.5
Delhi,2026-07-05 15:00:00,32.9,69,996.5,0.0,2.7
Delhi,2026-07-05 16:00:00,33.4,66,996.0,0.0,1.2
Delhi,2026-07-05 17:00:00,31.5,72,995.8,0.0,5.3
Delhi,2026-07-05 18:00:00,31.2,74,996.3,0.0,3.3
Delhi,2026-07-05 19:00:00,30.9,77,997.2,0.0,7.4
Delhi,2026-07-05 20:00:00,30.6,80,998.1,0.0,8.8
Delhi,2026-07-05 21:00:00,30.3,82,998.8,0.0,6.3
Delhi,2026-07-05 22:00:00,30.0,84,999.3,0.0,4.0
Delhi,2026-07-05 23:00:00,30.0,82,998.5,0.0,3.9
Delhi,2026-07-06 00:00:00,30.1,80,998.7,0.0,7.3
Delhi,2026-07-06 01:00:00,30.1,77,998.9,0.0,6.5
Delhi,2026-07-06 02:00:00,29.9,77,998.6,0.0,7.3
Delhi,2026-07-06 03:00:00,29.7,77,998.2,0.0,5.1
Delhi,2026-07-06 04:00:00,29.6,78,998.8,0.0,1.6
Delhi,2026-07-06 05:00:00,26.8,95,998.4,0.0,5.9
Delhi,2026-07-06 06:00:00,27.7,94,998.9,0.0,5.1
Delhi,2026-07-06 07:00:00,28.7,89,999.0,0.0,3.1
Delhi,2026-07-06 08:00:00,30.3,82,999.7,0.0,3.5
Delhi,2026-07-06 09:00:00,31.7,76,999.9,0.0,4.4
Delhi,2026-07-06 10:00:00,33.0,67,999.9,0.1,5.7
Delhi,2026-07-06 11:00:00,34.1,55,999.6,0.0,7.3
Delhi,2026-07-06 12:00:00,35.3,50,998.6,0.0,2.3
Delhi,2026-07-06 13:00:00,36.1,48,998.1,0.0,0.4
Delhi,2026-07-06 14:00:00,36.5,48,997.0,0.0,2.0
Delhi,2026-07-06 15:00:00,36.7,48,996.4,0.0,2.6
Delhi,2026-07-06 16:00:00,36.6,48,995.7,0.0,1.1
Delhi,2026-07-06 17:00:00,34.5,59,995.5,0.0,7.0
Delhi,2026-07-06 18:00:00,33.6,68,996.1,0.4,4.5
Delhi,2026-07-06 19:00:00,32.5,76,996.8,0.0,3.3
Delhi,2026-07-06 20:00:00,32.1,80,997.3,0.0,2.0
Delhi,2026-07-06 21:00:00,32.0,78,998.3,0.0,4.2
Delhi,2026-07-06 22:00:00,31.7,76,998.7,0.0,4.2
Delhi,2026-07-06 23:00:00,31.1,79,998.8,0.0,3.5
Delhi,2026-07-07 00:00:00,31.0,80,998.7,0.0,3.1
Delhi,2026-07-07 01:00:00,30.9,81,998.3,0.0,2.3
Delhi,2026-07-07 02:00:00,30.6,82,998.0,0.0,4.0
Delhi,2026-07-07 03:00:00,30.2,84,997.3,0.0,3.7
Delhi,2026-07-07 04:00:00,29.8,85,997.8,0.0,4.0
Delhi,2026-07-07 05:00:00,27.5,96,998.2,0.0,7.9
Delhi,2026-07-07 06:00:00,27.6,95,998.5,1.2,5.6
Delhi,2026-07-07 07:00:00,28.2,95,999.0,0.1,5.0
Delhi,2026-07-07 08:00:00,29.8,88,999.5,0.0,5.2
Delhi,2026-07-07 09:00:00,31.6,76,999.2,0.0,7.5
Delhi,2026-07-07 10:00:00,32.8,68,999.0,0.0,7.3
Delhi,2026-07-07 11:00:00,31.0,81,999.0,0.0,4.9
Delhi,2026-07-07 12:00:00,32.5,70,998.6,0.0,1.4
Delhi,2026-07-07 13:00:00,30.9,72,998.3,0.6,5.7
Delhi,2026-07-07 14:00:00,31.9,69,997.1,0.2,1.5
Delhi,2026-07-07 15:00:00,32.5,64,996.3,0.0,6.2
Delhi,2026-07-07 16:00:00,30.4,78,996.0,0.0,9.8
Delhi,2026-07-07 17:00:00,26.5,94,996.2,0.0,7.6
Delhi,2026-07-07 18:00:00,26.7,96,996.0,3.1,2.0
Delhi,2026-07-07 19:00:00,26.8,96,996.8,1.6,2.6
Delhi,2026-07-07 20:00:00,27.0,96,997.8,1.0,4.3
Delhi,2026-07-07 21:00:00,26.9,97,999.0,0.5,6.6
Delhi,2026-07-07 22:00:00,27.0,96,999.2,0.1,2.8
Delhi,2026-07-07 23:00:00,27.0,95,998.4,0.0,4.0
Delhi,2026-07-08 00:00:00,26.9,95,998.3,0.0,1.6
Delhi,2026-07-08 01:00:00,27.0,94,997.7,0.0,1.4
Delhi,2026-07-08 02:00:00,26.9,96,997.8,0.0,9.6
Delhi,2026-07-08 03:00:00,26.8,94,997.8,0.0,4.6
Delhi,2026-07-08 04:00:00,26.7,93,997.9,0.0,8.2
Delhi,2026-07-08 05:00:00,26.1,97,997.6,0.5,7.1
Delhi,2026-07-08 06:00:00,26.3,97,997.6,1.5,9.5
Delhi,2026-07-08 07:00:00,26.6,97,997.9,0.9,9.7
Delhi,2026-07-08 08:00:00,27.1,94,998.3,0.2,10.8
Delhi,2026-07-08 09:00:00,27.8,89,998.4,0.1,9.3
Delhi,2026-07-08 10:00:00,28.7,83,998.5,0.0,10.1
Delhi,2026-07-08 11:00:00,27.3,92,998.7,0.1,8.3
Delhi,2026-07-08 12:00:00,27.7,88,998.2,1.2,8.1
Delhi,2026-07-08 13:00:00,29.1,79,997.4,0.1,7.7
Delhi,2026-07-08 14:00:00,29.3,78,996.7,0.1,8.3
Delhi,2026-07-08 15:00:00,29.0,80,996.1,0.1,7.8
Delhi,2026-07-08 16:00:00,29.1,80,995.6,0.3,7.9
Delhi,2026-07-08 17:00:00,27.1,91,996.2,0.1,8.0
Delhi,2026-07-08 18:00:00,26.5,96,996.0,2.1,8.1
Delhi,2026-07-08 19:00:00,26.3,95,996.3,0.7,8.4
Delhi,2026-07-08 20:00:00,26.5,94,997.2,0.2,8.8
Delhi,2026-07-08 21:00:00,26.6,95,997.7,0.6,10.3
Delhi,2026-07-08 22:00:00,26.7,96,997.7,1.0,10.2
Delhi,2026-07-08 23:00:00,26.2,94,997.4,2.0,8.6
Delhi,2026-07-09 00:00:00,26.0,96,997.0,1.9,9.0
Delhi,2026-07-09 01:00:00,25.9,95,996.3,1.8,9.9
Delhi,2026-07-09 02:00:00,25.8,96,996.1,1.8,9.4
Delhi,2026-07-09 03:00:00,25.8,95,995.9,1.7,9.9
Delhi,2026-07-09 04:00:00,25.7,96,996.2,8.0,10.2
Delhi,2026-07-09 05:00:00,25.4,96,996.8,18.1,11.4
Delhi,2026-07-09 06:00:00,25.2,97,996.3,10.1,11.1
Delhi,2026-07-09 07:00:00,25.0,98,996.6,7.3,16.5
Delhi,2026-07-09 08:00:00,25.6,93,997.6,12.1,18.9
Delhi,2026-07-09 09:00:00,25.3,94,998.0,15.1,15.8
Delhi,2026-07-09 10:00:00,25.4,94,998.5,9.0,13.2
Delhi,2026-07-09 11:00:00,25.2,94,999.7,8.1,8.8
Delhi,2026-07-09 12:00:00,25.4,94,999.5,3.5,6.9
Delhi,2026-07-09 13:00:00,26.4,92,998.8,1.2,7.5
Delhi,2026-07-09 14:00:00,27.9,83,998.1,0.1,11.5
Delhi,2026-07-09 15:00:00,28.6,78,998.2,0.0,12.4
Delhi,2026-07-09 16:00:00,28.9,77,997.5,0.0,10.4
Delhi,2026-07-09 17:00:00,29.2,75,997.3,0.0,12.9
Delhi,2026-07-09 18:00:00,28.3,80,997.5,0.0,10.6
Delhi,2026-07-09 19:00:00,27.3,86,998.4,0.0,8.5
Delhi,2026-07-09 20:00:00,26.8,89,998.8,0.0,6.4
Delhi,2026-07-09 21:00:00,26.5,91,999.6,0.0,5.8
Delhi,2026-07-09 22:00:00,26.1,92,999.5,0.0,4.7
Delhi,2026-07-09 23:00:00,27.1,95,999.5,0.0,6.4
Delhi,2026-07-10 00:00:00,26.5,97,999.2,0.0,6.2
Delhi,2026-07-10 01:00:00,26.3,97,998.6,0.0,5.6
Delhi,2026-07-10 02:00:00,26.0,97,998.3,0.0,6.3
Delhi,2026-07-10 03:00:00,25.7,96,998.2,0.0,6.8
Delhi,2026-07-10 04:00:00,25.5,96,998.8,0.0,7.1
Delhi,2026-07-10 05:00:00,26.9,97,998.5,0.0,6.3
Delhi,2026-07-10 06:00:00,27.2,94,998.7,0.3,6.2
Delhi,2026-07-10 07:00:00,27.8,90,999.6,0.1,7.4
Delhi,2026-07-10 08:00:00,28.4,86,999.9,0.2,6.6
Delhi,2026-07-10 09:00:00,30.1,79,1000.1,0.0,9.9
Delhi,2026-07-10 10:00:00,30.0,78,1000.4,0.0,11.5
Delhi,2026-07-10 11:00:00,31.1,73,1000.0,0.0,9.7
Delhi,2026-07-10 12:00:00,32.1,68,999.8,0.0,10.0
Delhi,2026-07-10 13:00:00,32.5,66,998.7,0.0,10.5
Delhi,2026-07-10 14:00:00,32.8,63,998.2,0.0,10.7
Delhi,2026-07-10 15:00:00,33.0,62,997.8,0.0,10.5
Delhi,2026-07-10 16:00:00,32.8,62,997.2,0.0,8.7
Delhi,2026-07-10 17:00:00,32.0,64,996.8,0.0,4.5
Delhi,2026-07-10 18:00:00,31.3,72,997.4,0.0,4.0
Delhi,2026-07-10 19:00:00,30.1,78,998.0,0.0,4.6
Delhi,2026-07-10 20:00:00,29.6,79,998.7,0.0,7.2
Delhi,2026-07-10 21:00:00,29.1,81,999.3,0.0,8.1
Delhi,2026-07-10 22:00:00,28.5,86,999.4,0.0,3.6
Delhi,2026-07-10 23:00:00,28.3,87,999.3,0.0,4.8
Delhi,2026-07-11 00:00:00,27.9,89,998.6,0.0,5.2
Delhi,2026-07-11 01:00:00,27.7,89,998.2,0.0,5.2
Delhi,2026-07-11 02:00:00,27.6,90,997.6,0.0,2.4
Delhi,2026-07-11 03:00:00,27.5,91,997.7,0.0,1.9
Delhi,2026-07-11 04:00:00,27.5,91,997.9,0.0,0.8
Delhi,2026-07-11 05:00:00,27.4,93,997.9,0.0,2.8
Delhi,2026-07-11 06:00:00,27.7,93,998.2,0.0,4.8
Delhi,2026-07-11 07:00:00,28.6,87,998.6,0.0,1.7
Delhi,2026-07-11 08:00:00,29.1,84,999.4,0.0,5.6
Delhi,2026-07-11 09:00:00,30.5,77,999.3,0.0,4.7
Delhi,2026-07-11 10:00:00,32.3,64,999.0,0.0,10.3
Delhi,2026-07-11 11:00:00,33.1,60,998.8,0.0,11.8
Delhi,2026-07-11 12:00:00,33.7,59,998.4,0.1,9.3
Delhi,2026-07-11 13:00:00,34.1,58,997.5,0.1,8.1
Delhi,2026-07-11 14:00:00,34.3,57,996.8,0.1,6.6
Delhi,2026-07-11 15:00:00,34.2,57,996.2,0.0,5.8
Delhi,2026-07-11 16:00:00,34.2,57,995.6,0.0,6.4
Delhi,2026-07-11 17:00:00,34.1,61,995.5,0.0,4.9
Delhi,2026-07-11 18:00:00,32.7,71,995.8,0.0,4.6
Delhi,2026-07-11 19:00:00,31.7,78,996.3,0.0,2.3
Delhi,2026-07-11 20:00:00,31.5,79,997.0,0.0,1.0
Delhi,2026-07-11 21:00:00,31.0,81,997.6,0.0,4.0
Delhi,2026-07-11 22:00:00,30.7,77,997.8,0.0,6.2
Delhi,2026-07-11 23:00:00,31.0,76,997.4,0.0,5.4
Delhi,2026-07-12 00:00:00,29.9,79,996.5,0.0,7.8
Delhi,2026-07-12 01:00:00,29.5,80,996.0,0.0,6.6
Delhi,2026-07-12 02:00:00,29.1,80,995.6,0.0,6.0
Delhi,2026-07-12 03:00:00,28.9,79,995.0,0.0,6.5
Delhi,2026-07-12 04:00:00,28.7,78,995.1,0.0,5.9
Delhi,2026-07-12 05:00:00,29.4,74,994.8,0.0,10.9
Delhi,2026-07-12 06:00:00,29.6,72,995.4,0.0,10.5
Delhi,2026-07-12 07:00:00,30.5,70,995.8,0.0,10.5
Delhi,2026-07-12 08:00:00,31.3,67,996.2,0.0,12.3
Delhi,2026-07-12 09:00:00,32.2,64,996.6,0.0,11.8
Delhi,2026-07-12 10:00:00,33.2,62,996.7,0.0,11.4
Delhi,2026-07-12 11:00:00,34.3,59,996.7,0.0,11.8
Delhi,2026-07-12 12:00:00,34.6,57,996.7,0.1,10.7
Delhi,2026-07-12 13:00:00,35.0,55,996.0,0.1,9.6
Delhi,2026-07-12 14:00:00,35.0,55,995.6,0.1,8.8
Delhi,2026-07-12 15:00:00,34.3,59,995.5,0.3,8.9
Delhi,2026-07-12 16:00:00,32.4,65,995.7,0.3,9.6
Delhi,2026-07-12 17:00:00,34.6,58,994.9,0.6,5.4
Delhi,2026-07-12 18:00:00,33.6,68,995.0,0.0,3.8
Delhi,2026-07-12 19:00:00,32.3,73,995.4,0.0,4.2
Delhi,2026-07-12 20:00:00,31.9,75,996.1,0.0,2.7
Delhi,2026-07-12 21:00:00,31.5,77,997.0,0.0,2.4
Delhi,2026-07-12 22:00:00,31.1,78,997.5,0.0,3.4
Delhi,2026-07-12 23:00:00,31.5,72,997.1,0.0,8.4
Delhi,2026-07-13 00:00:00,30.5,72,996.8,0.1,11.3
Delhi,2026-07-13 01:00:00,30.5,64,996.7,0.0,13.7
Delhi,2026-07-13 02:00:00,29.6,67,996.7,0.0,9.8
Delhi,2026-07-13 03:00:00,28.9,70,996.6,0.0,7.7
Delhi,2026-07-13 04:00:00,28.4,72,996.9,0.0,7.9
Delhi,2026-07-13 05:00:00,29.0,73,996.9,0.0,11.6
Delhi,2026-07-13 06:00:00,29.1,72,997.1,0.0,11.5
Delhi,2026-07-13 07:00:00,30.0,70,997.5,0.0,10.4
Delhi,2026-07-13 08:00:00,31.2,67,998.2,0.0,9.5
Delhi,2026-07-13 09:00:00,32.4,63,998.3,0.0,11.0
Delhi,2026-07-13 10:00:00,33.4,60,998.3,0.0,10.8
Delhi,2026-07-13 11:00:00,34.7,54,998.1,0.0,10.3
Delhi,2026-07-13 12:00:00,35.2,51,998.1,0.0,7.7
Delhi,2026-07-13 13:00:00,35.7,48,997.7,0.0,5.9
Delhi,2026-07-13 14:00:00,35.8,48,997.2,0.0,6.9
Delhi,2026-07-13 15:00:00,35.6,49,996.6,0.0,8.8
Delhi,2026-07-13 16:00:00,35.4,50,996.4,0.0,8.5
Delhi,2026-07-13 17:00:00,34.3,65,996.0,0.0,5.2
Delhi,2026-07-13 18:00:00,33.5,71,996.4,0.0,4.4
Delhi,2026-07-13 19:00:00,32.6,74,996.9,0.0,3.8
Delhi,2026-07-13 20:00:00,32.2,67,997.7,0.0,6.4
Delhi,2026-07-13 21:00:00,31.8,63,998.1,0.0,6.1
Delhi,2026-07-13 22:00:00,30.8,69,999.0,0.0,6.4
Delhi,2026-07-13 23:00:00,30.6,72,998.6,0.0,6.1
Delhi,2026-07-14 00:00:00,29.8,77,998.7,0.0,4.3
Delhi,2026-07-14 01:00:00,29.7,77,998.2,0.0,5.1
Delhi,2026-07-14 02:00:00,29.8,72,998.1,0.0,7.6
Delhi,2026-07-14 03:00:00,29.3,74,998.1,0.0,6.6
Delhi,2026-07-14 04:00:00,28.7,77,998.5,0.0,6.2
Delhi,2026-07-14 05:00:00,26.1,95,999.4,0.0,5.3
Delhi,2026-07-14 06:00:00,26.4,85,999.3,1.0,19.6
Delhi,2026-07-14 07:00:00,28.1,76,999.3,0.1,9.7
Delhi,2026-07-14 08:00:00,30.8,70,999.3,0.0,7.9
Delhi,2026-07-14 09:00:00,32.0,65,999.9,0.0,8.0
Delhi,2026-07-14 10:00:00,33.4,60,1000.2,0.0,9.8
Delhi,2026-07-14 11:00:00,35.2,51,1000.3,0.0,11.7
Delhi,2026-07-14 12:00:00,35.6,48,1000.0,0.0,9.6
Delhi,2026-07-14 13:00:00,36.0,46,999.6,0.0,8.6
Delhi,2026-07-14 14:00:00,36.2,45,999.0,0.0,7.7
Delhi,2026-07-14 15:00:00,36.2,45,998.4,0.0,8.3
Delhi,2026-07-14 16:00:00,35.8,45,998.2,0.0,9.9
Delhi,2026-07-14 17:00:00,28.1,89,998.9,0.0,8.2
Delhi,2026-07-14 18:00:00,28.7,89,998.8,1.1,9.7
Delhi,2026-07-14 19:00:00,28.2,88,999.9,0.1,11.3
Delhi,2026-07-14 20:00:00,28.0,83,1000.6,0.0,6.5
Delhi,2026-07-14 21:00:00,28.4,80,1001.0,0.0,5.8
Delhi,2026-07-14 22:00:00,28.7,76,1001.5,0.0,6.6
Delhi,2026-07-14 23:00:00,29.4,74,1001.2,0.0,4.6
Delhi,2026-07-15 00:00:00,27.4,83,1001.2,0.0,7.4
Delhi,2026-07-15 01:00:00,26.3,87,1001.0,0.0,9.4
Delhi,2026-07-15 02:00:00,25.9,88,1000.8,0.0,6.9
Delhi,2026-07-15 03:00:00,26.2,90,1000.3,0.0,2.6
Delhi,2026-07-15 04:00:00,26.3,91,1000.4,0.0,2.3
Delhi,2026-07-15 05:00:00,26.4,88,1001.0,0.0,6.8
Delhi,2026-07-15 06:00:00,25.4,96,1001.9,2.4,9.5
Delhi,2026-07-15 07:00:00,26.0,98,1001.6,0.9,7.2
Delhi,2026-07-15 08:00:00,29.1,84,1002.0,0.1,5.3
Delhi,2026-07-15 09:00:00,31.9,65,1002.2,0.0,5.6
Delhi,2026-07-15 10:00:00,33.7,55,1002.3,0.0,8.7
Delhi,2026-07-15 11:00:00,35.4,48,1002.2,0.0,8.8
Delhi,2026-07-15 12:00:00,36.0,44,1001.9,0.0,8.5
Delhi,2026-07-15 13:00:00,36.3,42,1001.0,0.0,9.7
Delhi,2026-07-15 14:00:00,36.3,43,1000.6,0.0,9.7
Delhi,2026-07-15 15:00:00,36.1,43,1000.2,0.0,9.2
Delhi,2026-07-15 16:00:00,35.8,44,999.7,0.0,9.4
Delhi,2026-07-15 17:00:00,34.0,52,999.5,0.0,8.8
Delhi,2026-07-15 18:00:00,32.8,57,1000.0,0.0,8.1
Delhi,2026-07-15 19:00:00,31.9,64,1000.6,0.0,7.6
Delhi,2026-07-15 20:00:00,31.6,65,1001.3,0.0,8.3
Delhi,2026-07-15 21:00:00,31.5,64,1002.0,0.0,6.4
Delhi,2026-07-15 22:00:00,31.2,64,1002.5,0.0,4.9
Delhi,2026-07-15 23:00:00,31.8,63,1001.8,0.0,5.6
Delhi,2026-07-16 00:00:00,31.0,66,1002.1,0.0,6.3
Delhi,2026-07-16 01:00:00,30.6,67,1001.8,0.0,5.2
Delhi,2026-07-16 02:00:00,30.3,67,1001.7,0.0,6.1
Delhi,2026-07-16 03:00:00,30.0,66,1001.6,0.0,7.5
Delhi,2026-07-16 04:00:00,29.8,65,1001.7,0.0,9.0
Delhi,2026-07-16 05:00:00,30.0,64,1001.8,0.0,9.0
Delhi,2026-07-16 06:00:00,30.2,63,1002.0,0.0,9.2
Delhi,2026-07-16 07:00:00,31.3,61,1002.3,0.0,7.9
Delhi,2026-07-16 08:00:00,32.7,56,1002.4,0.0,9.2
Delhi,2026-07-16 09:00:00,34.1,53,1002.6,0.0,9.6
Delhi,2026-07-16 10:00:00,35.6,48,1002.6,0.0,10.9
Delhi,2026-07-16 11:00:00,36.9,42,1002.5,0.0,12.6
Delhi,2026-07-16 12:00:00,36.7,42,1002.2,0.0,11.7
Delhi,2026-07-16 13:00:00,37.1,40,1001.4,0.0,12.5
Delhi,2026-07-16 14:00:00,37.3,40,1000.7,0.0,12.5
Delhi,2026-07-16 15:00:00,37.2,39,999.9,0.0,12.5
Delhi,2026-07-16 16:00:00,37.1,39,999.4,0.0,11.4
Delhi,2026-07-16 17:00:00,37.3,38,998.7,0.0,12.4
Delhi,2026-07-16 18:00:00,36.6,40,999.1,0.0,7.8
Delhi,2026-07-16 19:00:00,35.1,46,999.7,0.0,5.2
Delhi,2026-07-16 20:00:00,34.3,56,1000.4,0.0,2.4
Delhi,2026-07-16 21:00:00,34.0,59,1001.1,0.0,1.5
Delhi,2026-07-16 22:00:00,33.7,61,1001.2,0.0,1.5
Delhi,2026-07-16 23:00:00,34.3,58,1000.5,0.0,1.4
Delhi,2026-07-17 00:00:00,33.2,60,1000.3,0.0,3.2
Delhi,2026-07-17 01:00:00,32.5,65,1000.2,0.0,2.3
Delhi,2026-07-17 02:00:00,31.7,67,1000.2,0.0,2.8
Delhi,2026-07-17 03:00:00,31.1,69,1000.2,0.0,4.0
Delhi,2026-07-17 04:00:00,30.7,70,1000.4,0.0,4.6
Delhi,2026-07-17 05:00:00,31.1,70,1000.4,0.0,3.5
Delhi,2026-07-17 06:00:00,31.0,69,1001.1,0.0,7.0
Delhi,2026-07-17 07:00:00,31.8,65,1001.5,0.0,7.5
Delhi,2026-07-17 08:00:00,33.0,56,1001.7,0.0,9.4
Delhi,2026-07-17 09:00:00,34.5,51,1001.8,0.0,10.5
Delhi,2026-07-17 10:00:00,36.0,45,1001.9,0.0,11.2
Delhi,2026-07-17 11:00:00,36.6,41,1002.0,0.0,11.8
Delhi,2026-07-17 12:00:00,36.4,42,1001.6,0.2,11.8
Delhi,2026-07-17 13:00:00,36.9,41,1000.9,0.1,11.6
Delhi,2026-07-17 14:00:00,37.2,40,1000.0,0.0,10.9
Delhi,2026-07-17 15:00:00,37.4,39,999.1,0.0,11.8
Delhi,2026-07-17 16:00:00,37.0,39,998.7,0.0,12.1
Delhi,2026-07-17 17:00:00,37.0,38,998.7,0.0,11.3
Delhi,2026-07-17 18:00:00,35.8,45,999.2,0.0,6.3
Delhi,2026-07-17 19:00:00,34.7,55,999.6,0.0,2.8
Delhi,2026-07-17 20:00:00,34.4,57,1000.2,0.0,1.0
Delhi,2026-07-17 21:00:00,33.9,61,1001.1,0.0,1.3
Delhi,2026-07-17 22:00:00,33.0,64,1001.3,0.0,2.9
Delhi,2026-07-17 23:00:00,33.1,65,1000.8,0.0,2.6
Delhi,2026-07-18 00:00:00,31.9,68,1000.8,0.0,6.1
Delhi,2026-07-18 01:00:00,31.4,66,1000.6,0.0,3.1
Delhi,2026-07-18 02:00:00,31.2,65,1000.4,0.0,3.1
Delhi,2026-07-18 03:00:00,31.3,61,1000.1,0.0,4.5
Delhi,2026-07-18 04:00:00,31.2,59,1000.2,0.0,8.0
Delhi,2026-07-18 05:00:00,31.1,65,1000.0,0.0,11.0
Delhi,2026-07-18 06:00:00,31.0,61,1000.4,0.0,11.1
Delhi,2026-07-18 07:00:00,31.8,57,1000.8,0.0,10.7
Delhi,2026-07-18 08:00:00,32.1,58,1001.0,0.0,9.7
Delhi,2026-07-18 09:00:00,33.1,56,1001.2,0.0,11.5
Delhi,2026-07-18 10:00:00,34.8,51,1001.1,0.0,13.7
Delhi,2026-07-18 11:00:00,35.5,49,1001.1,0.0,14.9
Delhi,2026-07-18 12:00:00,35.6,49,1000.6,0.0,13.7
Delhi,2026-07-18 13:00:00,36.0,47,999.8,0.0,11.9
Delhi,2026-07-18 14:00:00,36.0,47,999.4,0.0,9.8
Delhi,2026-07-18 15:00:00,36.3,44,998.9,0.0,9.3
Delhi,2026-07-18 16:00:00,35.7,46,998.5,0.0,7.9
Delhi,2026-07-18 17:00:00,36.3,42,998.4,0.0,5.8
Delhi,2026-07-18 18:00:00,35.5,49,999.1,0.0,3.8
Delhi,2026-07-18 19:00:00,34.4,51,999.7,0.0,4.9
Delhi,2026-07-18 20:00:00,34.1,52,999.9,0.0,4.4
Delhi,2026-07-18 21:00:00,33.9,52,1000.3,0.0,4.4
Delhi,2026-07-18 22:00:00,33.2,57,1001.0,0.0,4.1
Delhi,2026-07-18 23:00:00,33.6,52,1000.7,0.0,6.6
Delhi,2026-07-19 00:00:00,32.0,65,1000.6,0.0,4.9
Delhi,2026-07-19 01:00:00,31.2,70,1000.3,0.0,5.7
Delhi,2026-07-19 02:00:00,30.7,71,1000.1,0.0,5.6
Delhi,2026-07-19 03:00:00,30.4,70,1000.3,0.0,6.9
Delhi,2026-07-19 04:00:00,30.1,70,1000.3,0.0,6.7
Delhi,2026-07-19 05:00:00,29.8,81,1000.0,0.0,2.8
Delhi,2026-07-19 06:00:00,30.4,80,1000.8,0.0,5.3
Delhi,2026-07-19 07:00:00,31.6,71,1000.6,0.0,6.8
Delhi,2026-07-19 08:00:00,32.5,62,1001.2,0.0,8.1
Delhi,2026-07-19 09:00:00,33.0,58,1001.7,0.0,7.5
Delhi,2026-07-19 10:00:00,34.1,54,1001.7,0.0,8.0
Delhi,2026-07-19 11:00:00,35.6,47,1001.6,0.0,11.1
Delhi,2026-07-19 12:00:00,36.0,46,1001.4,0.0,11.2
Delhi,2026-07-19 13:00:00,35.0,51,1000.9,0.4,8.1
Delhi,2026-07-19 14:00:00,35.2,51,1000.2,0.0,4.9
Delhi,2026-07-19 15:00:00,34.9,55,999.6,0.0,4.3
Delhi,2026-07-19 16:00:00,33.6,60,999.9,1.8,5.4
Delhi,2026-07-19 17:00:00,36.6,43,998.7,0.1,1.6
Delhi,2026-07-19 18:00:00,34.2,57,999.7,0.2,10.4
Delhi,2026-07-19 19:00:00,31.6,79,1000.1,0.1,11.2
Delhi,2026-07-19 20:00:00,31.2,81,1001.0,0.0,9.7
Delhi,2026-07-19 21:00:00,31.2,81,1002.1,0.1,6.5
Delhi,2026-07-19 22:00:00,30.7,84,1002.4,0.5,6.4
Delhi,2026-07-19 23:00:00,31.6,78,1002.1,0.5,8.7
Delhi,2026-07-20 00:00:00,30.3,84,1001.4,0.0,7.5
Delhi,2026-07-20 01:00:00,28.8,89,1001.1,0.1,8.5
Delhi,2026-07-20 02:00:00,28.1,90,1000.8,0.0,7.6
Delhi,2026-07-20 03:00:00,28.4,90,1001.0,0.0,4.2
Delhi,2026-07-20 04:00:00,26.8,94,1001.2,4.8,9.4
Delhi,2026-07-20 05:00:00,28.5,84,1000.8,1.1,8.5
Delhi,2026-07-20 06:00:00,28.6,85,1000.7,0.2,8.0
Delhi,2026-07-20 07:00:00,28.2,87,1001.2,0.6,6.7
Delhi,2026-07-20 08:00:00,27.7,92,1002.0,4.2,1.8
Delhi,2026-07-20 09:00:00,28.7,90,1002.5,0.9,6.7
Delhi,2026-07-20 10:00:00,29.5,86,1002.9,0.9,0.6
Delhi,2026-07-20 11:00:00,31.7,71,1002.4,0.4,4.5
Delhi,2026-07-20 12:00:00,30.8,76,1002.3,1.2,6.6
Delhi,2026-07-20 13:00:00,28.9,86,1002.1,7.2,11.5
Delhi,2026-07-20 14:00:00,29.1,85,1001.2,0.7,7.6
Delhi,2026-07-20 15:00:00,30.2,81,1000.5,0.1,4.2
Delhi,2026-07-20 16:00:00,30.5,79,1000.4,0.0,4.4
Delhi,2026-07-20 17:00:00,29.9,78,1001.5,0.0,5.5
Delhi,2026-07-20 18:00:00,27.5,92,1002.0,4.3,4.0
Delhi,2026-07-20 19:00:00,27.4,93,1001.6,3.4,2.7
Delhi,2026-07-20 20:00:00,27.4,95,1002.3,1.1,4.6
Delhi,2026-07-20 21:00:00,27.4,95,1003.0,0.6,3.4
Delhi,2026-07-20 22:00:00,27.3,94,1003.5,0.1,3.3
Delhi,2026-07-20 23:00:00,26.5,96,1003.4,0.0,1.6
Delhi,2026-07-21 00:00:00,26.7,95,1002.8,0.2,3.6
Delhi,2026-07-21 01:00:00,26.5,95,1002.3,0.6,7.8
Delhi,2026-07-21 02:00:00,26.3,95,1002.3,0.2,7.6
Delhi,2026-07-21 03:00:00,26.3,93,1001.9,0.2,7.6
Delhi,2026-07-21 04:00:00,26.1,93,1002.0,0.3,6.0
Delhi,2026-07-21 05:00:00,26.3,93,1001.7,0.4,5.1
Delhi,2026-07-21 06:00:00,25.7,95,1002.6,3.8,6.5
Delhi,2026-07-21 07:00:00,25.9,95,1002.6,1.0,9.1
Delhi,2026-07-21 08:00:00,26.4,92,1002.9,0.4,9.2
Delhi,2026-07-21 09:00:00,27.0,88,1002.8,0.1,8.5
Delhi,2026-07-21 10:00:00,28.0,84,1002.8,0.2,8.6
Delhi,2026-07-21 11:00:00,26.7,95,1002.6,0.1,11.9
Delhi,2026-07-21 12:00:00,27.7,94,1002.0,0.9,7.9
Delhi,2026-07-21 13:00:00,29.5,86,1001.2,0.5,7.2
Delhi,2026-07-21 14:00:00,29.1,85,1000.5,0.4,8.0
Delhi,2026-07-21 15:00:00,27.5,92,1000.4,4.3,9.3
Delhi,2026-07-21 16:00:00,28.4,87,999.7,0.6,6.0
Delhi,2026-07-21 17:00:00,29.9,74,999.3,0.1,7.2
Delhi,2026-07-21 18:00:00,28.9,82,999.9,0.1,6.9
Delhi,2026-07-21 19:00:00,28.4,86,1000.7,0.1,4.6
Delhi,2026-07-21 20:00:00,28.2,87,1001.4,0.0,7.7
Delhi,2026-07-21 21:00:00,28.0,87,1002.0,0.0,7.6
Delhi,2026-07-21 22:00:00,27.7,88,1002.6,0.1,10.3
Delhi,2026-07-21 23:00:00,26.7,95,1002.4,0.1,12.2
Delhi,2026-07-22 00:00:00,26.5,94,1002.0,0.1,10.9
Delhi,2026-07-22 01:00:00,26.4,94,1001.4,0.0,9.4
Delhi,2026-07-22 02:00:00,26.3,95,1000.9,0.0,8.7
Delhi,2026-07-22 03:00:00,25.8,96,1001.2,1.0,11.2
Delhi,2026-07-22 04:00:00,25.8,95,1001.8,0.4,11.2
Delhi,2026-07-22 05:00:00,25.8,95,1001.3,0.6,11.6
Delhi,2026-07-22 06:00:00,25.9,95,1001.7,0.7,13.3
Delhi,2026-07-22 07:00:00,26.7,89,1001.9,0.2,15.7
Delhi,2026-07-22 08:00:00,27.1,84,1002.4,0.7,16.5
Delhi,2026-07-22 09:00:00,28.7,77,1002.3,0.4,14.3
Delhi,2026-07-22 10:00:00,29.9,74,1002.1,0.7,13.4
Delhi,2026-07-22 11:00:00,30.6,67,1001.9,0.2,15.0
Delhi,2026-07-22 12:00:00,31.3,66,1001.5,0.2,14.4
Delhi,2026-07-22 13:00:00,31.7,67,1000.6,0.0,11.9
Delhi,2026-07-22 14:00:00,31.8,67,999.5,0.1,11.4
Delhi,2026-07-22 15:00:00,31.6,69,999.0,0.1,10.7
Delhi,2026-07-22 16:00:00,31.5,68,998.2,0.1,8.8
Delhi,2026-07-22 17:00:00,28.4,88,999.1,0.1,5.7
Delhi,2026-07-22 18:00:00,28.9,86,999.5,0.0,3.6
Delhi,2026-07-22 19:00:00,28.6,89,999.9,0.0,4.6
Delhi,2026-07-22 20:00:00,28.8,89,1000.6,0.0,7.0
Delhi,2026-07-22 21:00:00,28.9,87,1000.9,0.0,9.2
Delhi,2026-07-22 22:00:00,28.6,84,1001.2,0.1,9.2
Delhi,2026-07-22 23:00:00,28.2,84,1001.0,0.0,10.1
Delhi,2026-07-23 00:00:00,28.2,84,1000.6,0.0,11.1
Delhi,2026-07-23 01:00:00,27.9,84,1000.1,0.0,11.3
Delhi,2026-07-23 02:00:00,27.7,85,999.8,0.0,11.8
Delhi,2026-07-23 03:00:00,27.4,85,999.6,0.0,10.6
Delhi,2026-07-23 04:00:00,27.2,86,999.8,0.0,10.5
Delhi,2026-07-23 05:00:00,26.6,93,1000.0,0.0,9.6
Delhi,2026-07-23 06:00:00,26.1,95,1000.3,1.5,8.7
Delhi,2026-07-23 07:00:00,26.6,93,1000.5,0.4,12.4
Delhi,2026-07-23 08:00:00,27.6,85,1000.7,0.2,12.1
Delhi,2026-07-23 09:00:00,28.4,83,1000.4,0.3,9.8
Delhi,2026-07-23 10:00:00,30.3,74,1000.1,0.1,12.8
Delhi,2026-07-23 11:00:00,31.0,68,1000.1,0.0,14.5
Delhi,2026-07-23 12:00:00,31.5,65,999.4,0.1,15.0
Delhi,2026-07-23 13:00:00,31.9,65,998.6,0.2,13.8
Delhi,2026-07-23 14:00:00,32.2,64,997.8,0.1,13.3
Delhi,2026-07-23 15:00:00,29.7,76,997.9,1.3,15.0
Delhi,2026-07-23 16:00:00,30.2,76,997.1,0.6,4.7
Delhi,2026-07-23 17:00:00,31.3,70,997.3,0.2,10.7
Delhi,2026-07-23 18:00:00,30.2,75,998.0,0.2,8.6
Delhi,2026-07-23 19:00:00,29.8,76,998.3,0.0,7.8
Delhi,2026-07-23 20:00:00,28.6,82,999.3,0.3,8.5
Delhi,2026-07-23 21:00:00,26.2,94,1000.6,3.5,9.1
Delhi,2026-07-23 22:00:00,26.5,94,1000.3,0.8,11.6
Delhi,2026-07-23 23:00:00,27.5,88,1000.3,0.0,13.1
Delhi,2026-07-24 00:00:00,27.1,88,1000.0,0.0,10.8
Delhi,2026-07-24 01:00:00,26.9,89,999.9,0.0,10.9
Delhi,2026-07-24 02:00:00,26.8,89,999.2,0.0,9.7
Delhi,2026-07-24 03:00:00,26.7,90,999.3,0.0,9.7
Delhi,2026-07-24 04:00:00,26.5,91,999.4,0.0,10.3
Delhi,2026-07-24 05:00:00,25.8,95,999.6,0.1,9.7
Delhi,2026-07-24 06:00:00,25.9,94,999.2,0.1,12.1
Delhi,2026-07-24 07:00:00,26.8,90,999.7,0.0,10.8
Delhi,2026-07-24 08:00:00,28.2,83,999.6,0.0,14.7
Delhi,2026-07-24 09:00:00,29.3,77,999.9,0.1,14.2
Delhi,2026-07-24 10:00:00,30.3,73,999.9,0.2,13.4
Delhi,2026-07-24 11:00:00,30.3,75,1000.1,0.2,12.9
Delhi,2026-07-24 12:00:00,31.0,73,999.8,0.6,12.1
Delhi,2026-07-24 13:00:00,29.5,79,998.9,1.3,12.6
Delhi,2026-07-24 14:00:00,28.7,83,998.7,4.8,6.8
Delhi,2026-07-24 15:00:00,29.7,80,997.6,0.8,7.1
Delhi,2026-07-24 16:00:00,30.6,74,996.9,0.1,7.6
Delhi,2026-07-24 17:00:00,30.0,82,996.6,0.2,6.2
Delhi,2026-07-24 18:00:00,30.0,83,997.1,0.0,7.7
Delhi,2026-07-24 19:00:00,29.6,84,998.2,0.0,7.9
Delhi,2026-07-24 20:00:00,29.4,84,999.2,0.0,9.6
Delhi,2026-07-24 21:00:00,29.0,84,1000.2,0.0,10.8
Delhi,2026-07-24 22:00:00,28.6,85,1000.6,0.0,10.5
Delhi,2026-07-24 23:00:00,28.3,86,1000.4,0.0,12.4
Delhi,2026-07-25 00:00:00,28.1,85,1000.4,0.0,12.4
Delhi,2026-07-25 01:00:00,28.0,83,1000.5,0.0,11.9
Delhi,2026-07-25 02:00:00,27.6,84,1000.6,0.1,11.0
Delhi,2026-07-25 03:00:00,27.5,87,1000.4,0.1,10.5
Delhi,2026-07-25 04:00:00,27.4,87,1000.4,0.1,10.5
Delhi,2026-07-25 05:00:00,27.4,89,1000.3,0.1,9.4
Delhi,2026-07-25 06:00:00,27.5,89,1001.6,0.0,7.7
Delhi,2026-07-25 07:00:00,28.2,87,1001.9,0.0,7.4
Delhi,2026-07-25 08:00:00,28.8,81,1002.1,0.1,11.8
Delhi,2026-07-25 09:00:00,29.7,75,1002.4,0.1,10.5
Delhi,2026-07-25 10:00:00,30.4,73,1002.6,0.3,10.6
Delhi,2026-07-25 11:00:00,31.5,66,1002.2,0.3,12.5
Delhi,2026-07-25 12:00:00,31.5,66,1001.4,0.2,12.6
Delhi,2026-07-25 13:00:00,32.1,64,1000.8,0.1,10.7
Delhi,2026-07-25 14:00:00,32.3,63,1000.0,0.3,12.2
Delhi,2026-07-25 15:00:00,32.3,64,999.8,0.3,11.6
Delhi,2026-07-25 16:00:00,31.4,68,999.3,0.2,11.6
Delhi,2026-07-25 17:00:00,30.2,82,999.8,0.0,8.6
Delhi,2026-07-25 18:00:00,29.6,82,1000.2,0.0,11.2
Delhi,2026-07-25 19:00:00,28.8,83,1001.1,0.0,8.9
Delhi,2026-07-25 20:00:00,28.4,86,1002.1,0.0,9.8
Delhi,2026-07-25 21:00:00,28.0,88,1002.7,0.0,8.3
Delhi,2026-07-25 22:00:00,27.7,89,1003.0,0.0,8.3
Delhi,2026-07-25 23:00:00,27.4,92,1002.5,0.0,9.1
Delhi,2026-07-26 00:00:00,27.4,93,1002.3,0.1,9.6
Delhi,2026-07-26 01:00:00,27.5,94,1001.9,0.0,8.2
Delhi,2026-07-26 02:00:00,27.5,95,1001.6,0.0,7.9
Delhi,2026-07-26 03:00:00,27.3,95,1001.6,0.0,7.1
Delhi,2026-07-26 04:00:00,27.3,95,1001.8,0.0,6.1
Delhi,2026-07-26 05:00:00,28.3,91,1001.5,0.0,4.3
Delhi,2026-07-26 06:00:00,27.6,94,1001.7,0.4,4.7
Delhi,2026-07-26 07:00:00,28.5,90,1001.9,0.1,5.0
Delhi,2026-07-26 08:00:00,29.5,84,1002.1,0.0,2.3
Delhi,2026-07-26 09:00:00,30.7,78,1001.9,0.0,3.3
Delhi,2026-07-26 10:00:00,31.5,73,1002.1,0.1,3.8
Delhi,2026-07-26 11:00:00,32.5,63,1002.2,0.1,3.9
Delhi,2026-07-26 12:00:00,32.9,63,1002.0,0.2,3.7
Delhi,2026-07-26 13:00:00,33.5,62,1001.4,0.2,4.3
Delhi,2026-07-26 14:00:00,33.7,60,1000.3,0.1,4.2
Delhi,2026-07-26 15:00:00,33.7,59,999.6,0.1,3.3
Delhi,2026-07-26 16:00:00,33.5,61,998.9,0.0,3.2
Delhi,2026-07-26 17:00:00,33.7,60,998.5,0.0,3.9
Delhi,2026-07-26 18:00:00,32.6,70,998.6,0.0,4.1
Delhi,2026-07-26 19:00:00,31.7,77,999.1,0.0,3.1
Delhi,2026-07-26 20:00:00,31.3,80,999.7,0.0,0.2
Delhi,2026-07-26 21:00:00,31.1,83,1000.3,0.0,0.3
Delhi,2026-07-26 22:00:00,30.9,83,1000.6,0.0,0.9
Delhi,2026-07-26 23:00:00,30.6,85,1000.1,0.0,1.2
Delhi,2026-07-27 00:00:00,30.2,86,999.9,0.0,1.2
Delhi,2026-07-27 01:00:00,29.8,88,999.2,0.0,0.5
Delhi,2026-07-27 02:00:00,29.5,87,998.9,0.0,2.7
Delhi,2026-07-27 03:00:00,29.4,84,998.8,0.0,2.1
Delhi,2026-07-27 04:00:00,29.2,84,998.9,0.0,2.1
Delhi,2026-07-27 05:00:00,29.7,84,998.9,0.0,2.3
Delhi,2026-07-27 06:00:00,29.9,82,999.0,0.0,2.4
Delhi,2026-07-27 07:00:00,30.5,79,999.4,0.0,1.7
Delhi,2026-07-27 08:00:00,31.4,75,999.3,0.0,2.3
Delhi,2026-07-27 09:00:00,32.4,69,999.2,0.0,2.1
Delhi,2026-07-27 10:00:00,33.2,65,999.5,0.2,2.3
Delhi,2026-07-27 11:00:00,34.3,55,998.8,0.1,1.4
Delhi,2026-07-27 12:00:00,35.1,53,998.9,0.0,4.2
Delhi,2026-07-27 13:00:00,35.2,54,998.1,0.0,4.4
Delhi,2026-07-27 14:00:00,35.3,53,997.1,0.0,5.4
Delhi,2026-07-27 15:00:00,34.2,55,996.6,0.0,4.5
Delhi,2026-07-27 16:00:00,33.7,58,996.5,0.2,1.4
Delhi,2026-07-27 17:00:00,33.0,64,996.5,0.0,2.1
Delhi,2026-07-27 18:00:00,32.0,76,996.5,0.0,1.6
Delhi,2026-07-27 19:00:00,31.6,78,996.8,0.0,1.5
Delhi,2026-07-27 20:00:00,31.1,77,997.7,0.0,6.5
Delhi,2026-07-27 21:00:00,30.0,83,998.4,0.0,9.6
Delhi,2026-07-27 22:00:00,29.2,84,999.1,0.0,11.6
Delhi,2026-07-27 23:00:00,30.1,87,998.5,0.1,10.6
Delhi,2026-07-28 00:00:00,28.4,87,999.1,0.2,13.3
Delhi,2026-07-28 01:00:00,27.3,92,999.0,0.5,6.9
Delhi,2026-07-28 02:00:00,27.0,94,998.7,0.5,10.6
Delhi,2026-07-28 03:00:00,26.3,96,998.4,0.3,7.6
Delhi,2026-07-28 04:00:00,26.1,97,998.2,0.4,9.1
Delhi,2026-07-28 05:00:00,28.5,92,997.5,0.2,7.9
Delhi,2026-07-28 06:00:00,28.5,93,998.2,0.3,8.0
Delhi,2026-07-28 07:00:00,28.8,93,998.5,0.4,7.9
Delhi,2026-07-28 08:00:00,28.3,88,999.1,0.8,12.0
Delhi,2026-07-28 09:00:00,28.1,90,999.9,0.7,10.5
Delhi,2026-07-28 10:00:00,27.2,94,1000.9,3.1,9.4
Delhi,2026-07-28 11:00:00,27.5,93,1000.6,1.4,8.7
Delhi,2026-07-28 12:00:00,26.7,95,999.9,4.2,9.1
Delhi,2026-07-28 13:00:00,26.9,93,999.8,2.5,7.8
Delhi,2026-07-28 14:00:00,26.9,94,998.7,1.7,4.0
Delhi,2026-07-28 15:00:00,27.3,92,998.1,1.3,5.1
Delhi,2026-07-28 16:00:00,27.1,94,997.5,0.7,4.7
Delhi,2026-07-28 17:00:00,31.0,72,997.3,0.2,3.8
Delhi,2026-07-28 18:00:00,30.2,77,997.5,0.1,4.3
Delhi,2026-07-28 19:00:00,29.5,83,998.1,0.0,2.3
Delhi,2026-07-28 20:00:00,28.9,86,998.9,0.0,3.8
Delhi,2026-07-28 21:00:00,28.6,87,999.9,0.0,5.2
Delhi,2026-07-28 22:00:00,28.2,88,1000.5,0.0,6.3
Delhi,2026-07-28 23:00:00,27.9,89,1000.3,0.0,2.4
Delhi,2026-07-29 00:00:00,27.7,91,1000.2,0.0,1.7
Delhi,2026-07-29 01:00:00,27.6,91,1000.2,0.0,1.7
Delhi,2026-07-29 02:00:00,27.1,94,999.8,0.4,5.5
Delhi,2026-07-29 03:00:00,26.7,95,999.8,0.2,4.7
Delhi,2026-07-29 04:00:00,26.7,95,1000.1,0.0,3.2
Delhi,2026-07-29 05:00:00,26.7,97,999.6,0.0,2.4
Delhi,2026-07-29 06:00:00,26.4,96,1000.3,1.3,2.3
Delhi,2026-07-29 07:00:00,26.3,99,1000.8,1.6,5.1
Delhi,2026-07-29 08:00:00,26.8,93,1001.0,0.6,2.9
Delhi,2026-07-29 09:00:00,28.0,87,1001.2,0.6,1.8
Delhi,2026-07-29 10:00:00,28.8,84,1001.3,0.3,2.9
Delhi,2026-07-29 11:00:00,30.9,75,1000.7,0.1,1.9
Delhi,2026-07-29 12:00:00,31.7,73,1000.4,0.0,1.1
Delhi,2026-07-29 13:00:00,32.0,72,999.7,0.1,1.5
Delhi,2026-07-29 14:00:00,32.3,68,998.7,0.1,1.6
Delhi,2026-07-29 15:00:00,32.5,67,998.0,0.1,1.9
Delhi,2026-07-29 16:00:00,32.3,67,997.2,0.1,1.7
Delhi,2026-07-29 17:00:00,32.5,68,997.0,0.1,5.3
Delhi,2026-07-29 18:00:00,31.7,77,997.1,0.0,4.3
Delhi,2026-07-29 19:00:00,30.8,82,998.0,0.0,3.3
Delhi,2026-07-29 20:00:00,30.3,83,998.9,0.0,4.6
Delhi,2026-07-29 21:00:00,29.8,85,999.8,0.0,4.5
Delhi,2026-07-29 22:00:00,29.4,88,1000.0,0.0,3.5
Delhi,2026-07-29 23:00:00,29.8,86,999.6,0.0,7.0
Delhi,2026-07-30 00:00:00,29.2,89,999.2,0.0,7.5
Delhi,2026-07-30 01:00:00,28.0,85,999.4,0.0,2.5
Delhi,2026-07-30 02:00:00,25.5,96,999.4,6.1,1.9
Delhi,2026-07-30 03:00:00,26.1,95,998.9,0.6,2.7
Delhi,2026-07-30 04:00:00,26.3,97,998.8,0.1,1.9
Delhi,2026-07-30 05:00:00,28.3,95,998.1,0.0,0.8
Delhi,2026-07-30 06:00:00,28.4,95,998.5,0.8,2.1
Delhi,2026-07-30 07:00:00,28.4,89,999.4,1.0,11.5
Delhi,2026-07-30 08:00:00,29.2,85,999.8,0.4,9.1
Delhi,2026-07-30 09:00:00,30.4,78,999.9,0.1,5.8
Delhi,2026-07-30 10:00:00,31.6,72,1000.2,0.0,6.9
Delhi,2026-07-30 11:00:00,32.8,64,1000.0,0.0,6.1
Delhi,2026-07-30 12:00:00,32.9,63,999.5,0.1,7.7
Delhi,2026-07-30 13:00:00,32.0,67,999.4,0.6,7.5
Delhi,2026-07-30 14:00:00,32.8,64,998.3,0.1,4.6
Delhi,2026-07-30 15:00:00,33.1,62,997.4,0.1,5.0
Delhi,2026-07-30 16:00:00,33.2,61,996.8,0.1,6.7
Delhi,2026-07-30 17:00:00,31.5,73,996.8,0.0,9.4
Delhi,2026-07-30 18:00:00,29.0,84,997.5,0.7,13.0
Delhi,2026-07-30 19:00:00,28.5,86,998.3,0.0,6.8
Delhi,2026-07-30 20:00:00,28.5,88,999.1,0.0,7.0
Delhi,2026-07-30 21:00:00,28.4,90,999.9,0.0,7.1
Delhi,2026-07-30 22:00:00,28.3,91,1000.2,0.0,7.9
Delhi,2026-07-30 23:00:00,28.8,90,999.9,0.0,11.1
Hyderabad,2026-07-01 00:00:00,26.1,72,1006.3,0.0,15.7
Hyderabad,2026-07-01 01:00:00,25.4,75,1005.7,0.0,15.9
Hyderabad,2026-07-01 02:00:00,24.7,80,1005.4,0.2,15.4
Hyderabad,2026-07-01 03:00:00,24.3,83,1005.3,0.5,15.3
Hyderabad,2026-07-01 04:00:00,23.8,86,1005.1,0.6,16.0
Hyderabad,2026-07-01 05:00:00,24.3,83,1005.4,0.2,14.6
Hyderabad,2026-07-01 06:00:00,24.2,83,1006.1,0.1,16.1
Hyderabad,2026-07-01 07:00:00,23.7,89,1006.2,0.8,17.2
Hyderabad,2026-07-01 08:00:00,23.9,90,1006.4,0.5,14.8
Hyderabad,2026-07-01 09:00:00,24.5,88,1006.5,0.5,13.2
Hyderabad,2026-07-01 10:00:00,26.2,78,1006.6,0.2,17.8
Hyderabad,2026-07-01 11:00:00,25.6,81,1006.8,0.1,15.7
Hyderabad,2026-07-01 12:00:00,26.2,76,1006.3,0.0,15.5
Hyderabad,2026-07-01 13:00:00,27.6,68,1005.0,0.1,16.4
Hyderabad,2026-07-01 14:00:00,28.8,63,1003.8,0.2,19.0
Hyderabad,2026-07-01 15:00:00,29.1,63,1003.0,0.0,18.6
Hyderabad,2026-07-01 16:00:00,28.9,63,1002.9,0.0,17.2
Hyderabad,2026-07-01 17:00:00,29.0,61,1002.7,0.0,16.9
Hyderabad,2026-07-01 18:00:00,27.9,65,1003.8,0.0,16.2
Hyderabad,2026-07-01 19:00:00,26.4,71,1004.9,0.0,16.1
Hyderabad,2026-07-01 20:00:00,26.3,74,1005.6,0.0,15.9
Hyderabad,2026-07-01 21:00:00,25.9,76,1006.4,0.0,15.8
Hyderabad,2026-07-01 22:00:00,25.5,78,1007.0,0.0,15.9
Hyderabad,2026-07-01 23:00:00,25.1,80,1006.8,0.0,17.2
Hyderabad,2026-07-02 00:00:00,24.3,86,1006.4,0.5,18.2
Hyderabad,2026-07-02 01:00:00,23.9,90,1006.0,0.6,17.3
Hyderabad,2026-07-02 02:00:00,23.7,91,1005.4,0.6,17.8
Hyderabad,2026-07-02 03:00:00,23.5,91,1005.2,0.5,17.8
Hyderabad,2026-07-02 04:00:00,23.5,90,1005.4,0.5,17.5
Hyderabad,2026-07-02 05:00:00,23.8,89,1005.1,0.2,19.1
Hyderabad,2026-07-02 06:00:00,23.7,89,1005.7,0.4,18.0
Hyderabad,2026-07-02 07:00:00,24.2,86,1006.1,0.0,16.2
Hyderabad,2026-07-02 08:00:00,24.9,83,1006.2,0.0,16.8
Hyderabad,2026-07-02 09:00:00,25.8,79,1006.6,0.1,18.6
Hyderabad,2026-07-02 10:00:00,25.6,82,1006.6,0.5,15.5
Hyderabad,2026-07-02 11:00:00,25.4,82,1006.9,0.2,14.8
Hyderabad,2026-07-02 12:00:00,26.4,75,1006.3,0.1,14.0
Hyderabad,2026-07-02 13:00:00,28.0,64,1005.4,0.0,18.9
Hyderabad,2026-07-02 14:00:00,28.6,61,1004.5,0.0,19.9
Hyderabad,2026-07-02 15:00:00,28.2,65,1004.0,0.0,18.7
Hyderabad,2026-07-02 16:00:00,27.8,67,1003.8,0.2,16.9
Hyderabad,2026-07-02 17:00:00,27.8,70,1004.2,0.2,16.4
Hyderabad,2026-07-02 18:00:00,25.0,89,1004.8,1.7,10.1
Hyderabad,2026-07-02 19:00:00,25.6,86,1005.3,0.3,11.9
Hyderabad,2026-07-02 20:00:00,26.2,77,1006.0,0.0,14.0
Hyderabad,2026-07-02 21:00:00,26.3,73,1006.5,0.0,14.4
Hyderabad,2026-07-02 22:00:00,25.9,73,1007.0,0.1,13.9
Hyderabad,2026-07-02 23:00:00,25.5,76,1006.8,0.2,15.0
Hyderabad,2026-07-03 00:00:00,24.6,81,1006.7,0.3,17.1
Hyderabad,2026-07-03 01:00:00,23.9,86,1006.3,0.6,16.9
Hyderabad,2026-07-03 02:00:00,23.7,88,1005.9,0.6,16.5
Hyderabad,2026-07-03 03:00:00,23.6,89,1005.5,0.4,17.5
Hyderabad,2026-07-03 04:00:00,23.5,90,1005.4,0.3,17.8
Hyderabad,2026-07-03 05:00:00,23.5,90,1005.6,0.2,18.4
Hyderabad,2026-07-03 06:00:00,23.7,89,1005.8,0.1,18.2
Hyderabad,2026-07-03 07:00:00,24.8,84,1006.0,0.0,17.9
Hyderabad,2026-07-03 08:00:00,26.6,73,1005.5,0.0,23.1
Hyderabad,2026-07-03 09:00:00,27.5,69,1005.8,0.0,24.5
Hyderabad,2026-07-03 10:00:00,28.0,66,1005.7,0.1,24.5
Hyderabad,2026-07-03 11:00:00,28.3,64,1005.8,0.1,25.4
Hyderabad,2026-07-03 12:00:00,27.1,71,1005.7,0.2,21.4
Hyderabad,2026-07-03 13:00:00,27.0,73,1005.4,0.2,19.9
Hyderabad,2026-07-03 14:00:00,26.1,77,1004.8,1.0,21.0
Hyderabad,2026-07-03 15:00:00,25.3,85,1004.5,1.1,17.1
Hyderabad,2026-07-03 16:00:00,25.1,84,1004.1,0.5,17.5
Hyderabad,2026-07-03 17:00:00,25.2,82,1003.9,0.3,17.6
Hyderabad,2026-07-03 18:00:00,25.4,81,1004.0,0.2,15.9
Hyderabad,2026-07-03 19:00:00,25.7,77,1004.5,0.0,16.5
Hyderabad,2026-07-03 20:00:00,25.4,79,1004.9,0.2,17.5
Hyderabad,2026-07-03 21:00:00,25.0,82,1005.4,0.2,16.5
Hyderabad,2026-07-03 22:00:00,24.8,84,1005.8,0.2,16.7
Hyderabad,2026-07-03 23:00:00,24.2,84,1005.4,0.3,18.8
Hyderabad,2026-07-04 00:00:00,23.9,86,1004.7,0.1,19.5
Hyderabad,2026-07-04 01:00:00,23.7,86,1004.3,0.2,19.4
Hyderabad,2026-07-04 02:00:00,23.5,88,1004.0,0.2,18.8
Hyderabad,2026-07-04 03:00:00,23.3,88,1003.8,0.3,19.7
Hyderabad,2026-07-04 04:00:00,23.1,90,1004.0,0.6,20.7
Hyderabad,2026-07-04 05:00:00,22.8,94,1004.0,1.0,21.8
Hyderabad,2026-07-04 06:00:00,22.9,93,1004.3,0.7,19.6
Hyderabad,2026-07-04 07:00:00,23.4,90,1004.7,0.4,19.7
Hyderabad,2026-07-04 08:00:00,24.3,85,1004.6,0.2,19.0
Hyderabad,2026-07-04 09:00:00,24.7,85,1004.7,0.6,20.2
Hyderabad,2026-07-04 10:00:00,24.0,89,1004.7,1.1,19.1
Hyderabad,2026-07-04 11:00:00,24.2,85,1004.7,0.3,15.4
Hyderabad,2026-07-04 12:00:00,24.2,88,1004.2,0.7,19.4
Hyderabad,2026-07-04 13:00:00,24.4,90,1003.7,0.8,15.8
Hyderabad,2026-07-04 14:00:00,24.7,88,1002.9,0.4,20.9
Hyderabad,2026-07-04 15:00:00,24.6,88,1002.4,0.7,18.4
Hyderabad,2026-07-04 16:00:00,24.4,89,1001.9,0.7,19.7
Hyderabad,2026-07-04 17:00:00,25.2,84,1001.9,0.3,17.8
Hyderabad,2026-07-04 18:00:00,24.3,87,1002.4,0.4,19.0
Hyderabad,2026-07-04 19:00:00,24.3,86,1002.8,0.0,19.0
Hyderabad,2026-07-04 20:00:00,24.3,85,1003.4,0.0,21.3
Hyderabad,2026-07-04 21:00:00,24.3,85,1003.6,0.1,21.4
Hyderabad,2026-07-04 22:00:00,23.9,87,1004.1,0.6,22.2
Hyderabad,2026-07-04 23:00:00,23.6,86,1004.1,0.3,22.8
Hyderabad,2026-07-05 00:00:00,23.4,86,1003.8,0.2,21.3
Hyderabad,2026-07-05 01:00:00,23.2,89,1003.3,2.0,20.9
Hyderabad,2026-07-05 02:00:00,23.4,88,1002.4,0.1,21.9
Hyderabad,2026-07-05 03:00:00,23.4,87,1002.6,0.1,20.9
Hyderabad,2026-07-05 04:00:00,23.2,88,1002.9,0.4,20.1
Hyderabad,2026-07-05 05:00:00,23.8,85,1003.3,0.1,20.5
Hyderabad,2026-07-05 06:00:00,23.9,84,1003.8,0.0,19.5
Hyderabad,2026-07-05 07:00:00,24.3,83,1004.4,0.0,15.5
Hyderabad,2026-07-05 08:00:00,24.9,80,1004.4,0.0,17.7
Hyderabad,2026-07-05 09:00:00,26.1,74,1004.5,0.1,24.4
Hyderabad,2026-07-05 10:00:00,26.3,75,1004.4,0.1,21.1
Hyderabad,2026-07-05 11:00:00,26.4,74,1004.0,0.0,20.9
Hyderabad,2026-07-05 12:00:00,26.8,71,1003.5,0.0,21.2
Hyderabad,2026-07-05 13:00:00,27.9,65,1002.9,0.0,24.2
Hyderabad,2026-07-05 14:00:00,27.0,71,1002.4,0.0,19.4
Hyderabad,2026-07-05 15:00:00,27.4,68,1002.4,0.0,22.0
Hyderabad,2026-07-05 16:00:00,25.3,80,1002.5,0.3,17.1
Hyderabad,2026-07-05 17:00:00,27.2,73,1001.9,1.0,14.3
Hyderabad,2026-07-05 18:00:00,26.7,70,1002.5,0.0,19.5
Hyderabad,2026-07-05 19:00:00,26.3,71,1003.0,0.0,19.1
Hyderabad,2026-07-05 20:00:00,25.9,71,1003.9,0.0,18.2
Hyderabad,2026-07-05 21:00:00,25.3,75,1004.4,0.1,18.4
Hyderabad,2026-07-05 22:00:00,25.7,73,1004.2,0.0,21.1
Hyderabad,2026-07-05 23:00:00,25.4,72,1003.6,0.0,20.4
Hyderabad,2026-07-06 00:00:00,25.1,74,1003.1,0.0,20.6
Hyderabad,2026-07-06 01:00:00,24.7,77,1002.7,0.0,19.2
Hyderabad,2026-07-06 02:00:00,24.4,78,1002.4,0.0,18.8
Hyderabad,2026-07-06 03:00:00,24.1,81,1002.7,0.0,17.6
Hyderabad,2026-07-06 04:00:00,24.0,83,1002.8,0.2,18.8
Hyderabad,2026-07-06 05:00:00,23.7,87,1002.5,0.4,19.8
Hyderabad,2026-07-06 06:00:00,23.9,85,1003.0,0.0,18.8
Hyderabad,2026-07-06 07:00:00,24.4,83,1004.0,0.0,14.7
Hyderabad,2026-07-06 08:00:00,24.6,83,1004.4,0.0,15.7
Hyderabad,2026-07-06 09:00:00,25.2,82,1004.6,0.1,15.4
Hyderabad,2026-07-06 10:00:00,25.6,81,1004.4,0.5,17.9
Hyderabad,2026-07-06 11:00:00,28.0,66,1003.6,0.2,22.2
Hyderabad,2026-07-06 12:00:00,28.9,61,1003.0,0.0,23.1
Hyderabad,2026-07-06 13:00:00,29.5,59,1002.1,0.0,21.6
Hyderabad,2026-07-06 14:00:00,30.5,55,1001.3,0.0,23.2
Hyderabad,2026-07-06 15:00:00,31.1,53,1000.6,0.1,22.9
Hyderabad,2026-07-06 16:00:00,29.8,58,1000.5,0.2,21.5
Hyderabad,2026-07-06 17:00:00,28.6,65,1001.0,0.1,18.9
Hyderabad,2026-07-06 18:00:00,27.8,69,1001.6,0.0,17.4
Hyderabad,2026-07-06 19:00:00,27.6,66,1002.2,0.0,19.1
Hyderabad,2026-07-06 20:00:00,27.4,66,1002.9,0.0,19.4
Hyderabad,2026-07-06 21:00:00,27.0,67,1003.7,0.0,18.6
Hyderabad,2026-07-06 22:00:00,26.7,69,1004.2,0.0,19.2
Hyderabad,2026-07-06 23:00:00,25.6,73,1003.8,0.0,22.4
Hyderabad,2026-07-07 00:00:00,25.1,76,1003.5,0.0,20.5
Hyderabad,2026-07-07 01:00:00,24.6,80,1002.9,0.1,19.7
Hyderabad,2026-07-07 02:00:00,24.7,80,1002.4,0.0,18.3
Hyderabad,2026-07-07 03:00:00,24.9,78,1002.5,0.0,19.7
Hyderabad,2026-07-07 04:00:00,24.8,79,1002.9,0.0,18.7
Hyderabad,2026-07-07 05:00:00,24.6,81,1002.8,0.0,20.6
Hyderabad,2026-07-07 06:00:00,24.9,79,1003.5,0.0,19.7
Hyderabad,2026-07-07 07:00:00,25.0,79,1004.2,0.1,19.1
Hyderabad,2026-07-07 08:00:00,25.8,78,1004.5,0.1,19.2
Hyderabad,2026-07-07 09:00:00,27.1,72,1004.5,0.1,24.0
Hyderabad,2026-07-07 10:00:00,27.5,71,1004.0,0.0,22.0
Hyderabad,2026-07-07 11:00:00,28.7,65,1004.1,0.2,23.5
Hyderabad,2026-07-07 12:00:00,29.9,58,1003.3,0.1,24.3
Hyderabad,2026-07-07 13:00:00,30.8,53,1002.5,0.3,24.5
Hyderabad,2026-07-07 14:00:00,30.8,58,1001.6,0.6,22.4
Hyderabad,2026-07-07 15:00:00,31.6,51,1001.0,0.1,23.0
Hyderabad,2026-07-07 16:00:00,31.4,50,1000.6,0.1,24.0
Hyderabad,2026-07-07 17:00:00,27.9,76,1001.5,0.1,14.0
Hyderabad,2026-07-07 18:00:00,27.8,70,1002.3,0.0,19.9
Hyderabad,2026-07-07 19:00:00,26.4,76,1003.8,0.3,18.3
Hyderabad,2026-07-07 20:00:00,26.5,75,1004.2,0.0,16.4
Hyderabad,2026-07-07 21:00:00,26.8,71,1005.0,0.0,18.0
Hyderabad,2026-07-07 22:00:00,26.6,69,1005.2,0.0,19.2
Hyderabad,2026-07-07 23:00:00,25.8,75,1004.9,0.0,19.4
Hyderabad,2026-07-08 00:00:00,25.6,76,1004.3,0.0,20.1
Hyderabad,2026-07-08 01:00:00,25.1,78,1003.6,0.0,19.6
Hyderabad,2026-07-08 02:00:00,24.9,79,1003.2,0.0,18.7
Hyderabad,2026-07-08 03:00:00,24.7,80,1003.2,0.0,18.2
Hyderabad,2026-07-08 04:00:00,24.6,80,1003.4,0.0,18.4
Hyderabad,2026-07-08 05:00:00,24.4,81,1003.9,0.0,18.7
Hyderabad,2026-07-08 06:00:00,24.8,80,1004.2,0.0,19.8
Hyderabad,2026-07-08 07:00:00,25.3,79,1004.8,0.0,17.5
Hyderabad,2026-07-08 08:00:00,25.9,76,1004.9,0.0,19.3
Hyderabad,2026-07-08 09:00:00,27.8,68,1004.9,0.0,24.4
Hyderabad,2026-07-08 10:00:00,29.4,60,1004.2,0.0,24.6
Hyderabad,2026-07-08 11:00:00,29.3,60,1004.6,0.0,25.7
Hyderabad,2026-07-08 12:00:00,30.5,55,1004.1,0.1,25.6
Hyderabad,2026-07-08 13:00:00,30.9,54,1003.3,0.1,23.1
Hyderabad,2026-07-08 14:00:00,32.4,49,1002.1,0.0,21.5
Hyderabad,2026-07-08 15:00:00,32.0,49,1001.9,0.0,20.8
Hyderabad,2026-07-08 16:00:00,31.4,53,1001.5,0.2,16.6
Hyderabad,2026-07-08 17:00:00,30.5,58,1002.1,0.0,17.6
Hyderabad,2026-07-08 18:00:00,29.1,63,1002.9,0.0,12.9
Hyderabad,2026-07-08 19:00:00,28.6,65,1003.8,0.0,14.3
Hyderabad,2026-07-08 20:00:00,27.9,65,1004.6,0.0,16.7
Hyderabad,2026-07-08 21:00:00,27.2,69,1005.6,0.0,14.7
Hyderabad,2026-07-08 22:00:00,26.2,73,1006.3,0.0,18.9
Hyderabad,2026-07-08 23:00:00,24.9,83,1006.2,0.4,17.8
Hyderabad,2026-07-09 00:00:00,24.5,84,1005.7,0.0,16.5
Hyderabad,2026-07-09 01:00:00,24.2,83,1005.4,0.0,15.5
Hyderabad,2026-07-09 02:00:00,24.3,82,1005.5,0.0,13.4
Hyderabad,2026-07-09 03:00:00,24.6,83,1005.6,0.0,11.9
Hyderabad,2026-07-09 04:00:00,24.6,85,1005.9,0.0,12.4
Hyderabad,2026-07-09 05:00:00,24.1,84,1006.4,0.0,12.4
Hyderabad,2026-07-09 06:00:00,24.2,85,1007.1,0.0,13.0
Hyderabad,2026-07-09 07:00:00,24.3,87,1007.9,0.2,14.0
Hyderabad,2026-07-09 08:00:00,24.7,86,1008.4,0.1,13.1
Hyderabad,2026-07-09 09:00:00,26.1,80,1008.3,0.0,14.0
Hyderabad,2026-07-09 10:00:00,28.0,68,1007.7,0.1,17.4
Hyderabad,2026-07-09 11:00:00,29.4,62,1007.5,0.0,19.1
Hyderabad,2026-07-09 12:00:00,30.3,56,1006.8,0.0,19.1
Hyderabad,2026-07-09 13:00:00,30.4,55,1006.0,0.0,19.3
Hyderabad,2026-07-09 14:00:00,30.9,55,1005.3,0.1,16.6
Hyderabad,2026-07-09 15:00:00,31.6,54,1004.7,0.0,16.3
Hyderabad,2026-07-09 16:00:00,31.4,53,1004.3,0.0,16.0
Hyderabad,2026-07-09 17:00:00,30.3,58,1004.9,0.1,12.1
Hyderabad,2026-07-09 18:00:00,29.6,60,1005.6,0.0,11.7
Hyderabad,2026-07-09 19:00:00,28.4,66,1006.6,0.0,9.6
Hyderabad,2026-07-09 20:00:00,27.7,71,1007.4,0.0,8.7
Hyderabad,2026-07-09 21:00:00,27.1,73,1008.1,0.0,8.1
Hyderabad,2026-07-09 22:00:00,26.6,73,1008.4,0.0,8.6
Hyderabad,2026-07-09 23:00:00,27.2,70,1008.0,0.0,11.2
Hyderabad,2026-07-10 00:00:00,26.9,70,1007.5,0.0,13.4
Hyderabad,2026-07-10 01:00:00,26.5,72,1007.2,0.0,12.3
Hyderabad,2026-07-10 02:00:00,26.2,73,1006.9,0.0,13.9
Hyderabad,2026-07-10 03:00:00,25.8,75,1006.9,0.0,14.6
Hyderabad,2026-07-10 04:00:00,25.2,77,1007.3,0.0,14.8
Hyderabad,2026-07-10 05:00:00,24.6,79,1008.1,0.0,14.6
Hyderabad,2026-07-10 06:00:00,24.5,79,1009.0,0.0,13.4
Hyderabad,2026-07-10 07:00:00,25.2,75,1009.4,0.0,15.9
Hyderabad,2026-07-10 08:00:00,26.6,68,1009.4,0.0,18.1
Hyderabad,2026-07-10 09:00:00,28.3,59,1009.7,0.0,17.4
Hyderabad,2026-07-10 10:00:00,30.1,50,1009.6,0.0,15.9
Hyderabad,2026-07-10 11:00:00,29.9,52,1009.3,0.0,13.3
Hyderabad,2026-07-10 12:00:00,31.5,46,1008.6,0.0,16.7
Hyderabad,2026-07-10 13:00:00,32.1,44,1007.9,0.0,16.7
Hyderabad,2026-07-10 14:00:00,31.9,44,1007.1,0.0,16.2
Hyderabad,2026-07-10 15:00:00,32.3,43,1006.5,0.0,15.1
Hyderabad,2026-07-10 16:00:00,32.3,43,1006.0,0.0,15.9
Hyderabad,2026-07-10 17:00:00,32.7,42,1006.0,0.0,13.5
Hyderabad,2026-07-10 18:00:00,31.8,47,1006.6,0.0,10.5
Hyderabad,2026-07-10 19:00:00,30.8,52,1006.9,0.0,6.7
Hyderabad,2026-07-10 20:00:00,29.9,57,1007.7,0.0,7.2
Hyderabad,2026-07-10 21:00:00,29.1,62,1008.3,0.0,6.7
Hyderabad,2026-07-10 22:00:00,28.5,64,1008.3,0.0,7.6
Hyderabad,2026-07-10 23:00:00,28.6,62,1008.0,0.0,9.3
Hyderabad,2026-07-11 00:00:00,28.3,61,1007.8,0.0,12.3
Hyderabad,2026-07-11 01:00:00,28.1,63,1007.3,0.0,14.4
Hyderabad,2026-07-11 02:00:00,27.4,66,1006.6,0.0,14.6
Hyderabad,2026-07-11 03:00:00,26.7,69,1006.8,0.0,14.0
Hyderabad,2026-07-11 04:00:00,25.9,72,1007.2,0.0,13.7
Hyderabad,2026-07-11 05:00:00,25.4,76,1007.9,0.0,14.1
Hyderabad,2026-07-11 06:00:00,25.2,76,1008.7,0.0,14.4
Hyderabad,2026-07-11 07:00:00,25.8,73,1009.2,0.0,16.1
Hyderabad,2026-07-11 08:00:00,27.1,66,1009.1,0.0,17.3
Hyderabad,2026-07-11 09:00:00,28.5,59,1008.9,0.0,17.1
Hyderabad,2026-07-11 10:00:00,30.0,52,1008.6,0.0,16.4
Hyderabad,2026-07-11 11:00:00,31.4,49,1008.2,0.0,14.9
Hyderabad,2026-07-11 12:00:00,32.1,46,1007.5,0.0,15.5
Hyderabad,2026-07-11 13:00:00,32.4,45,1006.7,0.0,16.9
Hyderabad,2026-07-11 14:00:00,32.6,44,1005.7,0.0,17.8
Hyderabad,2026-07-11 15:00:00,32.9,42,1005.0,0.0,18.6
Hyderabad,2026-07-11 16:00:00,32.7,41,1004.6,0.0,19.2
Hyderabad,2026-07-11 17:00:00,33.3,39,1004.4,0.0,15.5
Hyderabad,2026-07-11 18:00:00,31.9,44,1005.0,0.8,15.6
Hyderabad,2026-07-11 19:00:00,30.8,51,1005.8,0.0,10.6
Hyderabad,2026-07-11 20:00:00,30.0,55,1006.3,0.0,7.4
Hyderabad,2026-07-11 21:00:00,29.4,58,1006.8,0.0,6.9
Hyderabad,2026-07-11 22:00:00,28.8,60,1006.9,0.0,8.7
Hyderabad,2026-07-11 23:00:00,29.0,58,1006.4,0.0,10.4
Hyderabad,2026-07-12 00:00:00,28.4,57,1006.1,0.0,12.8
Hyderabad,2026-07-12 01:00:00,27.7,59,1005.5,0.0,13.7
Hyderabad,2026-07-12 02:00:00,27.1,62,1005.0,0.0,15.1
Hyderabad,2026-07-12 03:00:00,26.3,66,1005.2,0.0,15.3
Hyderabad,2026-07-12 04:00:00,25.6,70,1005.4,0.0,13.5
Hyderabad,2026-07-12 05:00:00,25.1,74,1005.8,0.0,14.0
Hyderabad,2026-07-12 06:00:00,24.8,74,1006.3,0.0,15.0
Hyderabad,2026-07-12 07:00:00,25.5,71,1007.0,0.0,16.5
Hyderabad,2026-07-12 08:00:00,26.8,64,1007.3,0.0,18.1
Hyderabad,2026-07-12 09:00:00,28.3,56,1007.0,0.0,17.4
Hyderabad,2026-07-12 10:00:00,29.9,51,1006.9,0.0,16.8
Hyderabad,2026-07-12 11:00:00,31.4,45,1006.3,0.0,18.1
Hyderabad,2026-07-12 12:00:00,31.5,44,1005.6,0.0,18.6
Hyderabad,2026-07-12 13:00:00,32.2,42,1004.7,0.0,19.0
Hyderabad,2026-07-12 14:00:00,31.9,44,1004.1,0.0,19.0
Hyderabad,2026-07-12 15:00:00,32.7,42,1003.7,0.0,19.7
Hyderabad,2026-07-12 16:00:00,32.0,44,1003.2,0.0,20.1
Hyderabad,2026-07-12 17:00:00,33.2,40,1002.9,0.0,17.5
Hyderabad,2026-07-12 18:00:00,32.7,42,1003.1,0.0,13.4
Hyderabad,2026-07-12 19:00:00,31.6,46,1004.0,0.0,9.5
Hyderabad,2026-07-12 20:00:00,31.0,50,1004.6,0.0,8.3
Hyderabad,2026-07-12 21:00:00,30.3,53,1005.0,0.0,10.0
Hyderabad,2026-07-12 22:00:00,29.6,54,1005.5,0.0,10.8
Hyderabad,2026-07-12 23:00:00,29.4,55,1005.5,0.0,15.0
Hyderabad,2026-07-13 00:00:00,28.2,57,1005.6,0.0,15.7
Hyderabad,2026-07-13 01:00:00,27.3,61,1005.3,0.0,15.1
Hyderabad,2026-07-13 02:00:00,26.5,64,1005.0,0.0,14.6
Hyderabad,2026-07-13 03:00:00,25.8,66,1005.1,0.0,14.2
Hyderabad,2026-07-13 04:00:00,25.2,69,1005.3,0.0,13.9
Hyderabad,2026-07-13 05:00:00,24.7,74,1005.8,0.0,14.2
Hyderabad,2026-07-13 06:00:00,24.4,77,1006.8,0.0,13.9
Hyderabad,2026-07-13 07:00:00,25.3,72,1007.3,0.0,16.6
Hyderabad,2026-07-13 08:00:00,26.8,65,1007.6,0.0,18.3
Hyderabad,2026-07-13 09:00:00,28.3,57,1007.6,0.0,17.8
Hyderabad,2026-07-13 10:00:00,29.8,52,1007.4,0.0,17.6
Hyderabad,2026-07-13 11:00:00,31.5,46,1006.8,0.0,15.9
Hyderabad,2026-07-13 12:00:00,32.7,42,1006.3,0.0,16.0
Hyderabad,2026-07-13 13:00:00,33.5,41,1005.5,0.0,16.3
Hyderabad,2026-07-13 14:00:00,33.9,40,1004.7,0.0,16.8
Hyderabad,2026-07-13 15:00:00,33.9,41,1004.2,0.0,16.5
Hyderabad,2026-07-13 16:00:00,33.8,42,1003.9,0.0,17.1
Hyderabad,2026-07-13 17:00:00,33.7,37,1003.7,0.2,16.1
Hyderabad,2026-07-13 18:00:00,32.7,46,1004.6,0.7,14.2
Hyderabad,2026-07-13 19:00:00,32.0,50,1005.6,0.0,14.1
Hyderabad,2026-07-13 20:00:00,31.5,52,1006.0,0.0,11.9
Hyderabad,2026-07-13 21:00:00,30.8,54,1006.4,0.0,11.3
Hyderabad,2026-07-13 22:00:00,30.1,55,1006.4,0.0,11.0
Hyderabad,2026-07-13 23:00:00,30.0,55,1006.0,0.0,11.7
Hyderabad,2026-07-14 00:00:00,29.2,57,1005.7,0.0,14.5
Hyderabad,2026-07-14 01:00:00,28.5,58,1005.4,0.0,14.9
Hyderabad,2026-07-14 02:00:00,27.7,57,1005.2,0.0,15.4
Hyderabad,2026-07-14 03:00:00,26.7,59,1005.4,0.0,15.3
Hyderabad,2026-07-14 04:00:00,26.0,61,1005.9,0.0,14.3
Hyderabad,2026-07-14 05:00:00,25.3,66,1006.5,0.0,13.7
Hyderabad,2026-07-14 06:00:00,24.9,68,1007.4,0.0,12.9
Hyderabad,2026-07-14 07:00:00,25.7,65,1007.8,0.0,15.6
Hyderabad,2026-07-14 08:00:00,27.1,60,1008.0,0.0,17.4
Hyderabad,2026-07-14 09:00:00,28.7,53,1008.0,0.0,18.2
Hyderabad,2026-07-14 10:00:00,30.2,47,1007.8,0.0,18.2
Hyderabad,2026-07-14 11:00:00,31.4,44,1007.5,0.0,17.0
Hyderabad,2026-07-14 12:00:00,31.8,43,1007.0,0.0,16.6
Hyderabad,2026-07-14 13:00:00,32.5,41,1006.3,0.0,16.6
Hyderabad,2026-07-14 14:00:00,32.8,41,1005.4,0.0,16.2
Hyderabad,2026-07-14 15:00:00,32.7,42,1005.1,0.0,15.7
Hyderabad,2026-07-14 16:00:00,32.6,43,1004.7,0.0,15.2
Hyderabad,2026-07-14 17:00:00,32.8,43,1004.7,0.0,13.4
Hyderabad,2026-07-14 18:00:00,31.8,47,1005.5,0.0,12.0
Hyderabad,2026-07-14 19:00:00,30.9,52,1006.2,0.0,9.0
Hyderabad,2026-07-14 20:00:00,30.3,53,1007.0,0.0,7.8
Hyderabad,2026-07-14 21:00:00,29.9,54,1007.5,0.0,6.4
Hyderabad,2026-07-14 22:00:00,29.3,56,1007.7,0.0,5.2
Hyderabad,2026-07-14 23:00:00,29.0,59,1007.1,0.0,6.7
Hyderabad,2026-07-15 00:00:00,28.1,65,1006.6,0.0,7.1
Hyderabad,2026-07-15 01:00:00,27.9,62,1006.4,0.0,10.4
Hyderabad,2026-07-15 02:00:00,28.1,53,1006.1,0.0,12.5
Hyderabad,2026-07-15 03:00:00,27.2,56,1006.2,0.0,12.5
Hyderabad,2026-07-15 04:00:00,26.5,59,1006.5,0.0,13.6
Hyderabad,2026-07-15 05:00:00,26.2,61,1007.2,0.0,14.6
Hyderabad,2026-07-15 06:00:00,25.7,64,1007.9,0.0,12.6
Hyderabad,2026-07-15 07:00:00,26.4,63,1008.3,0.0,15.5
Hyderabad,2026-07-15 08:00:00,27.4,60,1008.5,0.0,14.6
Hyderabad,2026-07-15 09:00:00,28.9,55,1008.9,0.0,14.6
Hyderabad,2026-07-15 10:00:00,30.2,48,1009.0,0.0,14.7
Hyderabad,2026-07-15 11:00:00,31.2,42,1008.4,0.0,14.9
Hyderabad,2026-07-15 12:00:00,32.0,39,1007.7,0.0,14.7
Hyderabad,2026-07-15 13:00:00,32.4,39,1007.0,0.1,14.2
Hyderabad,2026-07-15 14:00:00,32.9,38,1006.0,0.0,15.9
Hyderabad,2026-07-15 15:00:00,32.9,38,1005.6,0.0,15.2
Hyderabad,2026-07-15 16:00:00,32.4,39,1005.2,0.1,15.2
Hyderabad,2026-07-15 17:00:00,32.1,40,1005.3,0.5,13.6
Hyderabad,2026-07-15 18:00:00,30.6,45,1006.0,0.0,13.5
Hyderabad,2026-07-15 19:00:00,29.8,49,1007.0,0.0,9.7
Hyderabad,2026-07-15 20:00:00,29.2,51,1007.5,0.0,13.4
Hyderabad,2026-07-15 21:00:00,27.1,60,1008.5,0.0,13.8
Hyderabad,2026-07-15 22:00:00,26.3,65,1009.2,0.0,10.7
Hyderabad,2026-07-15 23:00:00,26.4,67,1008.4,0.0,11.2
Hyderabad,2026-07-16 00:00:00,26.2,68,1008.0,0.0,11.7
Hyderabad,2026-07-16 01:00:00,26.0,71,1008.0,0.0,10.9
Hyderabad,2026-07-16 02:00:00,25.9,72,1007.7,0.0,11.4
Hyderabad,2026-07-16 03:00:00,25.8,72,1007.5,0.0,12.1
Hyderabad,2026-07-16 04:00:00,25.7,71,1007.5,0.0,12.0
Hyderabad,2026-07-16 05:00:00,26.1,69,1007.7,0.0,15.7
Hyderabad,2026-07-16 06:00:00,25.9,69,1008.4,0.0,14.8
Hyderabad,2026-07-16 07:00:00,26.7,67,1008.9,0.0,17.2
Hyderabad,2026-07-16 08:00:00,28.1,60,1009.0,0.0,18.8
Hyderabad,2026-07-16 09:00:00,29.6,53,1008.8,0.0,19.0
Hyderabad,2026-07-16 10:00:00,30.8,51,1008.5,0.0,15.8
Hyderabad,2026-07-16 11:00:00,31.8,47,1008.2,0.0,14.0
Hyderabad,2026-07-16 12:00:00,31.4,49,1007.6,0.7,13.1
Hyderabad,2026-07-16 13:00:00,32.6,45,1006.8,0.1,14.1
Hyderabad,2026-07-16 14:00:00,31.5,47,1006.1,0.0,12.0
Hyderabad,2026-07-16 15:00:00,30.7,50,1006.0,0.0,10.3
Hyderabad,2026-07-16 16:00:00,30.0,54,1005.6,0.0,5.7
Hyderabad,2026-07-16 17:00:00,28.9,60,1006.1,0.0,12.8
Hyderabad,2026-07-16 18:00:00,29.3,55,1006.6,0.1,11.9
Hyderabad,2026-07-16 19:00:00,29.3,56,1007.0,0.0,7.7
Hyderabad,2026-07-16 20:00:00,28.8,60,1007.8,0.0,7.8
Hyderabad,2026-07-16 21:00:00,28.7,62,1008.3,0.0,6.3
Hyderabad,2026-07-16 22:00:00,28.3,63,1008.5,0.0,8.3
Hyderabad,2026-07-16 23:00:00,25.4,78,1008.7,0.1,9.6
Hyderabad,2026-07-17 00:00:00,23.3,90,1008.7,1.3,12.9
Hyderabad,2026-07-17 01:00:00,24.0,88,1008.0,0.4,10.1
Hyderabad,2026-07-17 02:00:00,24.2,86,1007.8,0.1,6.3
Hyderabad,2026-07-17 03:00:00,24.4,86,1007.3,0.2,10.2
Hyderabad,2026-07-17 04:00:00,24.3,85,1007.3,0.0,9.0
Hyderabad,2026-07-17 05:00:00,24.7,78,1007.4,0.1,11.0
Hyderabad,2026-07-17 06:00:00,24.5,80,1008.1,0.1,10.4
Hyderabad,2026-07-17 07:00:00,25.0,79,1008.6,0.2,11.6
Hyderabad,2026-07-17 08:00:00,25.4,79,1009.0,0.2,13.1
Hyderabad,2026-07-17 09:00:00,25.4,81,1009.3,0.4,11.4
Hyderabad,2026-07-17 10:00:00,25.9,79,1009.4,0.6,12.6
Hyderabad,2026-07-17 11:00:00,25.9,80,1009.3,0.4,11.9
Hyderabad,2026-07-17 12:00:00,26.8,76,1008.7,0.5,11.2
Hyderabad,2026-07-17 13:00:00,25.8,80,1008.5,1.3,13.0
Hyderabad,2026-07-17 14:00:00,25.0,87,1007.5,1.5,8.8
Hyderabad,2026-07-17 15:00:00,26.1,85,1007.1,1.6,5.8
Hyderabad,2026-07-17 16:00:00,25.1,90,1006.6,2.2,8.6
Hyderabad,2026-07-17 17:00:00,29.3,55,1006.4,2.2,9.6
Hyderabad,2026-07-17 18:00:00,27.3,67,1007.1,0.2,9.6
Hyderabad,2026-07-17 19:00:00,26.3,74,1007.6,0.1,4.7
Hyderabad,2026-07-17 20:00:00,26.1,76,1008.5,0.0,5.8
Hyderabad,2026-07-17 21:00:00,25.9,77,1008.9,0.0,5.6
Hyderabad,2026-07-17 22:00:00,25.9,78,1009.1,0.0,5.7
Hyderabad,2026-07-17 23:00:00,25.6,73,1008.9,0.0,12.1
Hyderabad,2026-07-18 00:00:00,25.0,77,1008.5,0.0,13.4
Hyderabad,2026-07-18 01:00:00,24.6,79,1007.6,0.0,14.6
Hyderabad,2026-07-18 02:00:00,24.1,82,1007.2,0.0,13.5
Hyderabad,2026-07-18 03:00:00,23.2,91,1007.2,1.0,13.6
Hyderabad,2026-07-18 04:00:00,23.4,91,1007.5,0.8,13.4
Hyderabad,2026-07-18 05:00:00,24.0,89,1007.1,0.2,13.2
Hyderabad,2026-07-18 06:00:00,24.2,86,1007.9,0.0,12.9
Hyderabad,2026-07-18 07:00:00,24.9,82,1008.4,0.0,14.5
Hyderabad,2026-07-18 08:00:00,26.4,73,1008.3,0.0,16.8
Hyderabad,2026-07-18 09:00:00,27.4,67,1008.4,0.0,16.8
Hyderabad,2026-07-18 10:00:00,27.4,67,1008.7,0.1,14.8
Hyderabad,2026-07-18 11:00:00,28.2,62,1008.4,0.7,13.4
Hyderabad,2026-07-18 12:00:00,27.2,66,1007.9,0.8,12.0
Hyderabad,2026-07-18 13:00:00,28.4,58,1006.9,0.0,13.4
Hyderabad,2026-07-18 14:00:00,28.5,58,1006.2,0.0,12.8
Hyderabad,2026-07-18 15:00:00,28.6,58,1005.8,0.1,12.6
Hyderabad,2026-07-18 16:00:00,26.1,79,1006.3,1.6,8.7
Hyderabad,2026-07-18 17:00:00,27.5,66,1006.3,1.3,12.4
Hyderabad,2026-07-18 18:00:00,26.1,75,1007.2,0.0,11.9
Hyderabad,2026-07-18 19:00:00,25.1,82,1007.9,0.4,10.1
Hyderabad,2026-07-18 20:00:00,24.5,88,1008.4,0.5,9.8
Hyderabad,2026-07-18 21:00:00,24.4,91,1008.7,0.5,9.0
Hyderabad,2026-07-18 22:00:00,24.6,90,1008.9,0.1,10.6
Hyderabad,2026-07-18 23:00:00,24.4,87,1008.5,0.1,13.4
Hyderabad,2026-07-19 00:00:00,24.0,86,1008.3,0.2,12.8
Hyderabad,2026-07-19 01:00:00,23.9,86,1007.8,0.0,11.6
Hyderabad,2026-07-19 02:00:00,23.8,87,1007.4,0.0,11.4
Hyderabad,2026-07-19 03:00:00,23.7,87,1007.3,0.0,10.4
Hyderabad,2026-07-19 04:00:00,23.8,87,1007.4,0.0,10.3
Hyderabad,2026-07-19 05:00:00,23.9,89,1007.5,0.0,10.4
Hyderabad,2026-07-19 06:00:00,23.9,89,1008.1,0.0,9.0
Hyderabad,2026-07-19 07:00:00,24.6,85,1008.4,0.0,11.2
Hyderabad,2026-07-19 08:00:00,26.1,76,1008.2,0.0,15.7
Hyderabad,2026-07-19 09:00:00,25.8,77,1008.2,0.3,13.9
Hyderabad,2026-07-19 10:00:00,28.2,66,1007.7,0.1,15.2
Hyderabad,2026-07-19 11:00:00,28.4,63,1008.0,0.0,13.5
Hyderabad,2026-07-19 12:00:00,29.1,58,1007.1,0.0,13.2
Hyderabad,2026-07-19 13:00:00,30.5,51,1006.1,0.0,13.2
Hyderabad,2026-07-19 14:00:00,30.6,50,1005.0,0.0,12.9
Hyderabad,2026-07-19 15:00:00,29.9,54,1004.8,0.0,15.4
Hyderabad,2026-07-19 16:00:00,28.6,65,1004.5,0.0,12.6
Hyderabad,2026-07-19 17:00:00,27.7,69,1005.3,0.0,15.4
Hyderabad,2026-07-19 18:00:00,26.8,77,1006.2,0.1,9.1
Hyderabad,2026-07-19 19:00:00,26.1,84,1007.0,1.1,10.5
Hyderabad,2026-07-19 20:00:00,25.4,84,1008.1,0.3,11.9
Hyderabad,2026-07-19 21:00:00,24.7,85,1008.9,0.1,11.4
Hyderabad,2026-07-19 22:00:00,24.4,87,1009.1,0.2,12.6
Hyderabad,2026-07-19 23:00:00,23.7,87,1009.0,0.0,15.7
Hyderabad,2026-07-20 00:00:00,23.4,88,1008.3,0.0,12.6
Hyderabad,2026-07-20 01:00:00,23.3,88,1007.7,0.0,13.3
Hyderabad,2026-07-20 02:00:00,23.4,87,1007.1,0.0,13.0
Hyderabad,2026-07-20 03:00:00,23.4,88,1006.7,0.0,12.8
Hyderabad,2026-07-20 04:00:00,23.6,87,1006.9,0.0,13.1
Hyderabad,2026-07-20 05:00:00,23.4,90,1007.2,0.0,14.2
Hyderabad,2026-07-20 06:00:00,23.6,89,1007.5,0.3,13.9
Hyderabad,2026-07-20 07:00:00,24.2,86,1008.0,0.3,14.8
Hyderabad,2026-07-20 08:00:00,25.0,83,1008.5,0.6,15.3
Hyderabad,2026-07-20 09:00:00,25.8,79,1008.8,0.2,14.4
Hyderabad,2026-07-20 10:00:00,26.9,72,1008.7,0.2,15.5
Hyderabad,2026-07-20 11:00:00,28.6,60,1008.2,0.1,18.3
Hyderabad,2026-07-20 12:00:00,28.8,58,1007.4,0.2,16.9
Hyderabad,2026-07-20 13:00:00,28.6,60,1006.5,0.5,15.6
Hyderabad,2026-07-20 14:00:00,29.4,64,1005.3,0.0,15.1
Hyderabad,2026-07-20 15:00:00,29.8,61,1004.7,0.0,15.1
Hyderabad,2026-07-20 16:00:00,28.8,63,1004.7,0.2,14.2
Hyderabad,2026-07-20 17:00:00,27.0,73,1006.0,0.6,13.7
Hyderabad,2026-07-20 18:00:00,26.3,78,1007.0,0.2,11.1
Hyderabad,2026-07-20 19:00:00,25.7,82,1007.4,0.0,11.4
Hyderabad,2026-07-20 20:00:00,25.1,86,1008.5,0.2,10.8
Hyderabad,2026-07-20 21:00:00,24.6,88,1009.4,0.2,14.4
Hyderabad,2026-07-20 22:00:00,24.0,88,1009.8,0.1,15.5
Hyderabad,2026-07-20 23:00:00,22.9,93,1009.9,1.1,16.4
Hyderabad,2026-07-21 00:00:00,22.8,93,1008.9,1.7,18.4
Hyderabad,2026-07-21 01:00:00,22.8,93,1008.1,2.7,17.3
Hyderabad,2026-07-21 02:00:00,23.0,92,1007.5,0.6,15.9
Hyderabad,2026-07-21 03:00:00,23.1,92,1007.2,0.3,15.0
Hyderabad,2026-07-21 04:00:00,23.1,92,1007.4,0.2,14.1
Hyderabad,2026-07-21 05:00:00,23.6,90,1007.0,0.2,16.0
Hyderabad,2026-07-21 06:00:00,23.6,90,1007.4,0.1,16.4
Hyderabad,2026-07-21 07:00:00,23.7,89,1008.2,0.2,15.7
Hyderabad,2026-07-21 08:00:00,23.8,87,1008.5,0.2,14.8
Hyderabad,2026-07-21 09:00:00,24.7,81,1008.7,0.1,14.8
Hyderabad,2026-07-21 10:00:00,24.6,82,1008.6,0.4,15.1
Hyderabad,2026-07-21 11:00:00,24.5,86,1008.8,0.6,14.0
Hyderabad,2026-07-21 12:00:00,24.9,84,1008.4,0.6,13.0
Hyderabad,2026-07-21 13:00:00,25.3,85,1007.8,0.3,10.7
Hyderabad,2026-07-21 14:00:00,25.6,84,1006.8,0.2,7.4
Hyderabad,2026-07-21 15:00:00,26.1,82,1006.3,0.1,7.1
Hyderabad,2026-07-21 16:00:00,26.4,78,1005.8,0.0,6.8
Hyderabad,2026-07-21 17:00:00,26.7,72,1006.2,0.1,11.6
Hyderabad,2026-07-21 18:00:00,26.0,72,1006.8,0.0,12.8
Hyderabad,2026-07-21 19:00:00,24.7,80,1008.1,0.6,15.7
Hyderabad,2026-07-21 20:00:00,23.1,91,1008.9,3.0,16.7
Hyderabad,2026-07-21 21:00:00,23.2,90,1009.1,1.0,17.9
Hyderabad,2026-07-21 22:00:00,23.4,90,1009.2,0.4,16.9
Hyderabad,2026-07-21 23:00:00,23.2,90,1009.1,0.3,16.3
Hyderabad,2026-07-22 00:00:00,23.1,91,1008.2,0.5,17.5
Hyderabad,2026-07-22 01:00:00,22.8,90,1007.4,0.7,19.1
Hyderabad,2026-07-22 02:00:00,22.5,90,1007.1,0.9,19.1
Hyderabad,2026-07-22 03:00:00,22.5,91,1006.9,0.9,18.3
Hyderabad,2026-07-22 04:00:00,22.6,92,1006.8,0.6,17.4
Hyderabad,2026-07-22 05:00:00,22.6,94,1006.7,0.6,19.6
Hyderabad,2026-07-22 06:00:00,22.7,93,1007.1,1.4,19.1
Hyderabad,2026-07-22 07:00:00,22.8,93,1007.5,2.1,19.4
Hyderabad,2026-07-22 08:00:00,23.1,92,1007.7,0.5,19.5
Hyderabad,2026-07-22 09:00:00,23.9,88,1008.1,0.0,17.8
Hyderabad,2026-07-22 10:00:00,25.2,81,1007.8,0.0,16.6
Hyderabad,2026-07-22 11:00:00,25.8,75,1008.5,0.1,18.1
Hyderabad,2026-07-22 12:00:00,26.2,73,1007.8,0.3,18.1
Hyderabad,2026-07-22 13:00:00,26.3,72,1007.1,0.0,18.4
Hyderabad,2026-07-22 14:00:00,25.8,76,1006.5,0.3,13.4
Hyderabad,2026-07-22 15:00:00,25.4,79,1006.2,0.6,13.3
Hyderabad,2026-07-22 16:00:00,24.7,85,1006.4,1.1,14.4
Hyderabad,2026-07-22 17:00:00,25.2,80,1005.8,0.6,14.9
Hyderabad,2026-07-22 18:00:00,24.8,80,1006.7,0.1,15.1
Hyderabad,2026-07-22 19:00:00,24.5,80,1007.5,0.1,14.8
Hyderabad,2026-07-22 20:00:00,24.1,82,1008.0,0.1,18.3
Hyderabad,2026-07-22 21:00:00,23.8,83,1008.3,0.2,18.1
Hyderabad,2026-07-22 22:00:00,23.7,84,1008.5,0.1,17.4
Hyderabad,2026-07-22 23:00:00,23.1,87,1008.6,0.5,18.5
Hyderabad,2026-07-23 00:00:00,23.0,87,1007.7,0.0,17.5
Hyderabad,2026-07-23 01:00:00,23.0,87,1006.9,0.0,15.5
Hyderabad,2026-07-23 02:00:00,22.8,86,1006.7,0.0,14.8
Hyderabad,2026-07-23 03:00:00,22.8,86,1006.5,0.0,14.5
Hyderabad,2026-07-23 04:00:00,22.7,87,1006.5,0.0,13.6
Hyderabad,2026-07-23 05:00:00,22.9,88,1006.6,0.0,16.0
Hyderabad,2026-07-23 06:00:00,23.1,86,1006.8,0.0,15.2
Hyderabad,2026-07-23 07:00:00,23.6,86,1007.3,0.0,12.0
Hyderabad,2026-07-23 08:00:00,24.8,78,1007.2,0.0,17.2
Hyderabad,2026-07-23 09:00:00,26.4,71,1007.0,0.1,20.6
Hyderabad,2026-07-23 10:00:00,27.0,68,1007.1,0.2,21.5
Hyderabad,2026-07-23 11:00:00,27.0,69,1007.0,0.0,17.8
Hyderabad,2026-07-23 12:00:00,28.0,63,1006.6,0.0,19.3
Hyderabad,2026-07-23 13:00:00,27.4,65,1006.0,0.0,19.6
Hyderabad,2026-07-23 14:00:00,28.1,61,1005.7,0.9,24.2
Hyderabad,2026-07-23 15:00:00,28.4,60,1005.1,0.0,17.9
Hyderabad,2026-07-23 16:00:00,28.6,56,1004.4,0.0,15.4
Hyderabad,2026-07-23 17:00:00,25.8,72,1005.5,0.0,13.1
Hyderabad,2026-07-23 18:00:00,26.0,72,1006.0,0.0,13.4
Hyderabad,2026-07-23 19:00:00,25.7,72,1006.3,0.0,13.7
Hyderabad,2026-07-23 20:00:00,25.6,68,1007.1,0.0,16.1
Hyderabad,2026-07-23 21:00:00,25.3,69,1007.5,0.0,15.8
Hyderabad,2026-07-23 22:00:00,25.1,69,1007.9,0.0,15.8
Hyderabad,2026-07-23 23:00:00,25.0,71,1007.4,0.0,17.7
Hyderabad,2026-07-24 00:00:00,24.6,74,1007.0,0.0,17.9
Hyderabad,2026-07-24 01:00:00,24.3,77,1006.3,0.0,17.4
Hyderabad,2026-07-24 02:00:00,24.0,79,1005.6,0.0,18.9
Hyderabad,2026-07-24 03:00:00,23.9,80,1005.8,0.0,18.4
Hyderabad,2026-07-24 04:00:00,23.8,80,1005.5,0.0,19.0
Hyderabad,2026-07-24 05:00:00,23.8,83,1005.9,0.0,20.5
Hyderabad,2026-07-24 06:00:00,23.7,83,1006.6,0.1,20.0
Hyderabad,2026-07-24 07:00:00,24.4,79,1006.8,0.0,18.4
Hyderabad,2026-07-24 08:00:00,25.6,73,1006.8,0.0,24.9
Hyderabad,2026-07-24 09:00:00,26.9,67,1007.0,0.0,24.4
Hyderabad,2026-07-24 10:00:00,28.2,62,1007.0,0.0,22.3
Hyderabad,2026-07-24 11:00:00,27.7,61,1007.1,0.0,25.3
Hyderabad,2026-07-24 12:00:00,27.4,64,1006.9,0.0,23.1
Hyderabad,2026-07-24 13:00:00,27.3,66,1006.3,0.0,18.1
Hyderabad,2026-07-24 14:00:00,27.6,67,1005.4,0.0,15.0
Hyderabad,2026-07-24 15:00:00,27.4,70,1004.7,0.1,9.6
Hyderabad,2026-07-24 16:00:00,28.7,64,1003.7,0.0,12.7
Hyderabad,2026-07-24 17:00:00,29.2,58,1003.7,0.0,13.3
Hyderabad,2026-07-24 18:00:00,28.3,61,1004.1,0.0,14.0
Hyderabad,2026-07-24 19:00:00,27.2,67,1004.9,0.0,12.9
Hyderabad,2026-07-24 20:00:00,27.1,67,1005.9,0.0,12.8
Hyderabad,2026-07-24 21:00:00,26.4,68,1006.4,0.0,11.4
Hyderabad,2026-07-24 22:00:00,26.0,69,1006.8,0.0,12.6
Hyderabad,2026-07-24 23:00:00,25.7,68,1006.8,0.0,15.3
Hyderabad,2026-07-25 00:00:00,25.0,71,1006.4,0.0,14.4
Hyderabad,2026-07-25 01:00:00,24.4,74,1005.9,0.0,14.0
Hyderabad,2026-07-25 02:00:00,23.9,76,1005.8,0.0,14.1
Hyderabad,2026-07-25 03:00:00,23.5,78,1005.7,0.0,14.6
Hyderabad,2026-07-25 04:00:00,23.3,80,1005.9,0.0,14.1
Hyderabad,2026-07-25 05:00:00,23.1,82,1006.7,0.0,13.2
Hyderabad,2026-07-25 06:00:00,23.2,82,1007.3,0.0,13.7
Hyderabad,2026-07-25 07:00:00,24.0,79,1007.8,0.0,14.3
Hyderabad,2026-07-25 08:00:00,25.2,72,1007.9,0.0,19.3
Hyderabad,2026-07-25 09:00:00,26.5,66,1007.6,0.0,18.7
Hyderabad,2026-07-25 10:00:00,27.5,63,1007.6,0.0,18.6
Hyderabad,2026-07-25 11:00:00,27.6,63,1007.3,0.0,17.5
Hyderabad,2026-07-25 12:00:00,27.9,62,1006.8,0.0,17.3
Hyderabad,2026-07-25 13:00:00,28.4,60,1006.1,0.0,15.5
Hyderabad,2026-07-25 14:00:00,29.3,58,1005.0,0.0,14.5
Hyderabad,2026-07-25 15:00:00,29.7,57,1004.2,0.0,13.7
Hyderabad,2026-07-25 16:00:00,29.7,57,1003.7,0.0,12.1
Hyderabad,2026-07-25 17:00:00,29.1,60,1004.0,0.0,11.5
Hyderabad,2026-07-25 18:00:00,28.2,66,1004.5,0.0,9.0
Hyderabad,2026-07-25 19:00:00,27.2,71,1005.3,0.0,8.8
Hyderabad,2026-07-25 20:00:00,26.7,74,1005.8,0.0,9.3
Hyderabad,2026-07-25 21:00:00,26.4,75,1006.5,0.0,10.3
Hyderabad,2026-07-25 22:00:00,26.0,76,1006.9,0.0,10.4
Hyderabad,2026-07-25 23:00:00,26.4,70,1006.5,0.0,14.1
Hyderabad,2026-07-26 00:00:00,25.8,73,1006.2,0.0,15.0
Hyderabad,2026-07-26 01:00:00,25.3,75,1005.8,0.0,14.2
Hyderabad,2026-07-26 02:00:00,24.8,78,1005.6,0.0,14.4
Hyderabad,2026-07-26 03:00:00,24.3,80,1005.5,0.0,14.2
Hyderabad,2026-07-26 04:00:00,24.0,81,1006.1,0.0,14.4
Hyderabad,2026-07-26 05:00:00,23.9,82,1006.2,0.0,15.9
Hyderabad,2026-07-26 06:00:00,23.8,83,1007.1,0.0,13.9
Hyderabad,2026-07-26 07:00:00,24.5,81,1007.5,0.0,12.6
Hyderabad,2026-07-26 08:00:00,26.0,74,1007.2,0.0,18.7
Hyderabad,2026-07-26 09:00:00,27.5,67,1006.8,0.0,19.1
Hyderabad,2026-07-26 10:00:00,28.5,62,1006.8,0.0,17.7
Hyderabad,2026-07-26 11:00:00,29.0,60,1006.7,0.4,17.1
Hyderabad,2026-07-26 12:00:00,29.4,57,1006.2,0.4,16.9
Hyderabad,2026-07-26 13:00:00,30.0,60,1005.3,0.7,15.2
Hyderabad,2026-07-26 14:00:00,28.1,71,1004.6,2.0,12.9
Hyderabad,2026-07-26 15:00:00,29.6,64,1003.2,0.2,12.5
Hyderabad,2026-07-26 16:00:00,28.0,71,1003.5,1.6,16.1
Hyderabad,2026-07-26 17:00:00,28.5,71,1003.6,0.2,7.8
Hyderabad,2026-07-26 18:00:00,28.0,73,1004.2,0.1,8.9
Hyderabad,2026-07-26 19:00:00,26.5,80,1005.0,0.1,11.3
Hyderabad,2026-07-26 20:00:00,25.3,89,1006.1,0.4,9.7
Hyderabad,2026-07-26 21:00:00,25.3,88,1006.9,0.1,10.1
Hyderabad,2026-07-26 22:00:00,25.2,86,1006.7,0.0,10.1
Hyderabad,2026-07-26 23:00:00,24.0,93,1006.3,0.0,13.9
Hyderabad,2026-07-27 00:00:00,23.7,93,1006.2,5.1,15.1
Hyderabad,2026-07-27 01:00:00,23.5,92,1005.6,3.0,17.5
Hyderabad,2026-07-27 02:00:00,23.3,92,1005.1,2.1,18.4
Hyderabad,2026-07-27 03:00:00,23.2,92,1004.6,1.7,18.0
Hyderabad,2026-07-27 04:00:00,23.0,92,1004.9,1.4,17.6
Hyderabad,2026-07-27 05:00:00,23.8,86,1005.0,1.3,17.3
Hyderabad,2026-07-27 06:00:00,23.8,86,1005.6,0.0,16.8
Hyderabad,2026-07-27 07:00:00,24.3,85,1006.0,0.0,14.3
Hyderabad,2026-07-27 08:00:00,25.0,81,1005.9,0.0,15.2
Hyderabad,2026-07-27 09:00:00,25.1,82,1006.4,0.0,13.5
Hyderabad,2026-07-27 10:00:00,25.7,79,1007.1,0.0,15.2
Hyderabad,2026-07-27 11:00:00,25.7,80,1006.6,0.2,10.7
Hyderabad,2026-07-27 12:00:00,26.3,77,1006.0,0.1,12.4
Hyderabad,2026-07-27 13:00:00,27.5,71,1005.0,0.1,13.9
Hyderabad,2026-07-27 14:00:00,29.0,65,1003.6,0.2,15.9
Hyderabad,2026-07-27 15:00:00,28.8,67,1002.7,0.3,15.5
Hyderabad,2026-07-27 16:00:00,28.9,66,1002.0,0.1,16.6
Hyderabad,2026-07-27 17:00:00,26.8,80,1003.0,0.0,11.4
Hyderabad,2026-07-27 18:00:00,26.2,85,1003.5,0.7,11.2
Hyderabad,2026-07-27 19:00:00,25.9,88,1003.7,0.1,9.4
Hyderabad,2026-07-27 20:00:00,25.6,87,1005.2,0.1,12.1
Hyderabad,2026-07-27 21:00:00,25.2,87,1005.5,0.0,11.3
Hyderabad,2026-07-27 22:00:00,24.9,87,1005.7,0.0,13.6
Hyderabad,2026-07-27 23:00:00,25.1,84,1005.7,0.0,14.6
Hyderabad,2026-07-28 00:00:00,23.5,89,1005.3,0.2,13.4
Hyderabad,2026-07-28 01:00:00,23.4,91,1004.5,0.3,13.3
Hyderabad,2026-07-28 02:00:00,23.2,92,1004.0,0.2,13.5
Hyderabad,2026-07-28 03:00:00,23.3,91,1003.8,0.1,13.9
Hyderabad,2026-07-28 04:00:00,23.5,90,1003.7,0.0,15.4
Hyderabad,2026-07-28 05:00:00,24.0,88,1004.0,0.1,16.8
Hyderabad,2026-07-28 06:00:00,24.0,86,1004.4,0.0,16.1
Hyderabad,2026-07-28 07:00:00,24.6,84,1004.7,0.0,12.7
Hyderabad,2026-07-28 08:00:00,26.1,76,1004.7,0.0,20.1
Hyderabad,2026-07-28 09:00:00,27.2,72,1004.6,0.0,18.4
Hyderabad,2026-07-28 10:00:00,27.9,68,1004.7,0.2,18.9
Hyderabad,2026-07-28 11:00:00,28.6,63,1004.5,0.1,20.0
Hyderabad,2026-07-28 12:00:00,29.5,59,1003.8,0.2,20.2
Hyderabad,2026-07-28 13:00:00,30.3,60,1003.2,0.1,17.9
Hyderabad,2026-07-28 14:00:00,29.7,63,1002.1,0.3,17.6
Hyderabad,2026-07-28 15:00:00,28.7,68,1001.5,0.6,13.1
Hyderabad,2026-07-28 16:00:00,28.7,71,1001.3,0.4,13.0
Hyderabad,2026-07-28 17:00:00,25.4,86,1002.6,2.3,16.0
Hyderabad,2026-07-28 18:00:00,24.9,90,1002.9,0.9,12.4
Hyderabad,2026-07-28 19:00:00,24.3,89,1003.6,0.3,16.6
Hyderabad,2026-07-28 20:00:00,23.6,90,1004.3,0.3,16.7
Hyderabad,2026-07-28 21:00:00,24.0,90,1004.4,0.2,16.4
Hyderabad,2026-07-28 22:00:00,24.1,91,1004.7,0.6,18.0
Hyderabad,2026-07-28 23:00:00,23.8,94,1004.6,0.6,17.6
Hyderabad,2026-07-29 00:00:00,23.6,94,1004.1,1.6,18.2
Hyderabad,2026-07-29 01:00:00,23.6,95,1003.2,1.2,19.1
Hyderabad,2026-07-29 02:00:00,23.3,94,1002.8,0.7,17.6
Hyderabad,2026-07-29 03:00:00,23.2,94,1003.1,0.5,16.5
Hyderabad,2026-07-29 04:00:00,23.1,95,1002.9,0.5,17.0
Hyderabad,2026-07-29 05:00:00,23.0,94,1002.7,0.4,19.5
Hyderabad,2026-07-29 06:00:00,22.9,94,1002.9,0.7,18.4
Hyderabad,2026-07-29 07:00:00,23.1,93,1003.9,0.6,18.5
Hyderabad,2026-07-29 08:00:00,23.4,93,1004.0,0.8,19.8
Hyderabad,2026-07-29 09:00:00,23.6,92,1004.1,0.9,19.3
Hyderabad,2026-07-29 10:00:00,23.9,91,1004.2,1.3,18.0
Hyderabad,2026-07-29 11:00:00,24.0,91,1004.3,0.8,16.6
Hyderabad,2026-07-29 12:00:00,24.5,88,1003.5,1.0,17.3
Hyderabad,2026-07-29 13:00:00,25.2,87,1002.7,1.1,15.4
Hyderabad,2026-07-29 14:00:00,25.1,86,1001.6,0.8,15.8
Hyderabad,2026-07-29 15:00:00,25.5,83,1001.0,0.5,16.9
Hyderabad,2026-07-29 16:00:00,25.4,84,1000.3,0.5,15.8
Hyderabad,2026-07-29 17:00:00,24.9,89,1001.0,0.3,15.7
Hyderabad,2026-07-29 18:00:00,24.1,91,1001.4,0.5,16.1
Hyderabad,2026-07-29 19:00:00,22.7,94,1002.1,1.5,18.0
Hyderabad,2026-07-29 20:00:00,23.2,94,1002.6,1.1,17.3
Hyderabad,2026-07-29 21:00:00,23.5,94,1002.7,1.2,18.4
Hyderabad,2026-07-29 22:00:00,23.7,93,1002.6,0.7,20.2
Hyderabad,2026-07-29 23:00:00,23.5,94,1002.3,0.1,19.8
Hyderabad,2026-07-30 00:00:00,23.6,92,1001.9,0.2,19.4
Hyderabad,2026-07-30 01:00:00,23.5,91,1001.0,0.3,20.3
Hyderabad,2026-07-30 02:00:00,23.4,92,1000.3,0.3,20.7
Hyderabad,2026-07-30 03:00:00,23.3,90,999.7,0.1,20.5
Hyderabad,2026-07-30 04:00:00,23.3,89,999.3,0.0,20.5
Hyderabad,2026-07-30 05:00:00,23.6,89,999.6,0.0,20.2
Hyderabad,2026-07-30 06:00:00,23.4,90,1000.1,0.2,19.9
Hyderabad,2026-07-30 07:00:00,23.5,90,1000.3,0.1,19.4
Hyderabad,2026-07-30 08:00:00,23.7,89,1000.2,0.3,22.0
Hyderabad,2026-07-30 09:00:00,23.4,93,1000.4,3.7,24.3
Hyderabad,2026-07-30 10:00:00,23.8,92,1000.3,1.2,23.6
Hyderabad,2026-07-30 11:00:00,24.0,90,1000.9,0.5,21.0
Hyderabad,2026-07-30 12:00:00,24.4,87,1000.7,0.9,19.2
Hyderabad,2026-07-30 13:00:00,25.0,83,1000.0,1.0,19.4
Hyderabad,2026-07-30 14:00:00,24.9,83,999.3,1.5,17.3
Hyderabad,2026-07-30 15:00:00,24.6,87,998.6,1.1,18.5
Hyderabad,2026-07-30 16:00:00,24.8,87,997.8,0.6,18.3
Hyderabad,2026-07-30 17:00:00,24.9,86,998.6,0.5,17.1
Hyderabad,2026-07-30 18:00:00,24.5,88,999.0,0.7,17.6
Hyderabad,2026-07-30 19:00:00,24.2,89,999.5,0.7,17.5
Hyderabad,2026-07-30 20:00:00,23.8,89,1000.2,0.3,16.9
Hyderabad,2026-07-30 21:00:00,24.0,89,1000.6,0.3,16.2
Hyderabad,2026-07-30 22:00:00,24.1,88,1001.3,0.1,16.2
Hyderabad,2026-07-30 23:00:00,23.7,90,1001.0,0.5,16.8
Kolkata,2026-07-01 00:00:00,27.0,96,1001.4,0.0,5.8
Kolkata,2026-07-01 01:00:00,27.0,95,1000.8,0.0,7.2
Kolkata,2026-07-01 02:00:00,26.7,94,1000.6,0.0,7.5
Kolkata,2026-07-01 03:00:00,26.5,94,1000.6,0.0,7.4
Kolkata,2026-07-01 04:00:00,25.8,95,1000.9,0.4,8.6
Kolkata,2026-07-01 05:00:00,27.3,91,1000.5,0.1,4.3
Kolkata,2026-07-01 06:00:00,28.1,90,1000.9,0.0,2.9
Kolkata,2026-07-01 07:00:00,28.4,86,1001.6,0.1,7.0
Kolkata,2026-07-01 08:00:00,27.9,91,1001.6,0.8,6.4
Kolkata,2026-07-01 09:00:00,29.6,84,1001.5,0.4,6.3
Kolkata,2026-07-01 10:00:00,30.7,80,1001.4,0.3,8.2
Kolkata,2026-07-01 11:00:00,31.2,71,1001.3,0.2,5.9
Kolkata,2026-07-01 12:00:00,31.5,72,1000.2,0.5,7.1
Kolkata,2026-07-01 13:00:00,30.9,75,999.2,0.1,8.3
Kolkata,2026-07-01 14:00:00,30.8,75,999.0,0.4,7.7
Kolkata,2026-07-01 15:00:00,30.5,75,998.4,0.6,6.7
Kolkata,2026-07-01 16:00:00,30.6,78,998.2,0.4,6.5
Kolkata,2026-07-01 17:00:00,29.8,80,998.5,0.3,8.1
Kolkata,2026-07-01 18:00:00,29.1,85,999.2,0.0,3.6
Kolkata,2026-07-01 19:00:00,28.7,86,999.8,0.0,5.0
Kolkata,2026-07-01 20:00:00,28.4,85,1000.6,0.0,6.4
Kolkata,2026-07-01 21:00:00,28.2,87,1001.6,0.2,7.1
Kolkata,2026-07-01 22:00:00,27.9,89,1001.8,0.2,8.6
Kolkata,2026-07-01 23:00:00,28.4,85,1001.6,0.0,8.4
Kolkata,2026-07-02 00:00:00,27.7,88,1001.2,0.1,6.1
Kolkata,2026-07-02 01:00:00,27.2,90,1000.7,0.0,6.7
Kolkata,2026-07-02 02:00:00,26.2,94,1000.2,0.5,5.6
Kolkata,2026-07-02 03:00:00,25.8,94,1000.1,0.1,6.4
Kolkata,2026-07-02 04:00:00,25.8,94,1000.1,0.0,5.5
Kolkata,2026-07-02 05:00:00,27.4,91,999.8,0.0,8.1
Kolkata,2026-07-02 06:00:00,28.0,90,1000.0,0.0,7.4
Kolkata,2026-07-02 07:00:00,29.0,84,1000.4,0.0,9.9
Kolkata,2026-07-02 08:00:00,29.8,81,1000.5,0.1,8.6
Kolkata,2026-07-02 09:00:00,30.9,77,1000.6,0.0,9.7
Kolkata,2026-07-02 10:00:00,31.8,72,1000.3,0.0,10.2
Kolkata,2026-07-02 11:00:00,31.5,74,1000.0,0.0,10.6
Kolkata,2026-07-02 12:00:00,32.3,71,999.4,0.4,4.4
Kolkata,2026-07-02 13:00:00,33.0,66,998.6,0.1,9.3
Kolkata,2026-07-02 14:00:00,27.0,95,999.0,7.2,9.2
Kolkata,2026-07-02 15:00:00,28.1,90,998.1,1.3,2.2
Kolkata,2026-07-02 16:00:00,29.1,86,997.7,0.0,3.4
Kolkata,2026-07-02 17:00:00,30.8,77,998.3,0.0,6.6
Kolkata,2026-07-02 18:00:00,28.7,90,999.3,1.6,5.5
Kolkata,2026-07-02 19:00:00,28.7,89,999.9,0.1,6.0
Kolkata,2026-07-02 20:00:00,28.5,88,1000.6,0.0,8.5
Kolkata,2026-07-02 21:00:00,28.3,87,1001.2,0.0,9.2
Kolkata,2026-07-02 22:00:00,28.1,88,1001.3,0.0,7.0
Kolkata,2026-07-02 23:00:00,28.5,87,1001.0,0.0,6.9
Kolkata,2026-07-03 00:00:00,28.1,89,1000.7,0.0,6.5
Kolkata,2026-07-03 01:00:00,27.8,90,1000.2,0.0,6.3
Kolkata,2026-07-03 02:00:00,27.7,92,999.9,0.0,7.3
Kolkata,2026-07-03 03:00:00,27.5,93,999.6,0.0,8.0
Kolkata,2026-07-03 04:00:00,27.4,93,999.6,0.0,8.3
Kolkata,2026-07-03 05:00:00,27.1,96,999.9,0.1,7.9
Kolkata,2026-07-03 06:00:00,27.6,93,1000.1,0.1,9.5
Kolkata,2026-07-03 07:00:00,28.7,87,1000.0,0.2,12.1
Kolkata,2026-07-03 08:00:00,29.7,81,1000.0,0.1,12.8
Kolkata,2026-07-03 09:00:00,30.9,75,999.8,0.1,13.9
Kolkata,2026-07-03 10:00:00,31.7,73,999.6,0.1,12.8
Kolkata,2026-07-03 11:00:00,32.3,73,999.4,0.1,12.4
Kolkata,2026-07-03 12:00:00,32.6,69,998.6,0.1,13.3
Kolkata,2026-07-03 13:00:00,32.8,67,997.4,0.0,13.7
Kolkata,2026-07-03 14:00:00,31.9,70,997.1,0.9,11.9
Kolkata,2026-07-03 15:00:00,32.1,70,996.5,0.2,11.7
Kolkata,2026-07-03 16:00:00,29.8,83,996.5,1.3,8.7
Kolkata,2026-07-03 17:00:00,29.7,84,997.0,0.8,6.3
Kolkata,2026-07-03 18:00:00,29.8,82,997.5,0.0,7.5
Kolkata,2026-07-03 19:00:00,29.7,80,998.0,0.1,10.8
Kolkata,2026-07-03 20:00:00,29.4,80,998.7,0.0,10.5
Kolkata,2026-07-03 21:00:00,29.0,81,999.4,0.0,9.5
Kolkata,2026-07-03 22:00:00,28.6,84,999.3,0.0,9.6
Kolkata,2026-07-03 23:00:00,28.7,83,998.8,0.0,11.7
Kolkata,2026-07-04 00:00:00,28.3,85,997.8,0.0,10.9
Kolkata,2026-07-04 01:00:00,28.0,87,997.3,0.0,11.6
Kolkata,2026-07-04 02:00:00,27.7,88,997.3,0.0,11.6
Kolkata,2026-07-04 03:00:00,27.5,88,997.0,0.0,12.1
Kolkata,2026-07-04 04:00:00,27.5,87,996.7,0.0,13.5
Kolkata,2026-07-04 05:00:00,27.8,87,996.4,0.0,13.9
Kolkata,2026-07-04 06:00:00,28.0,87,996.5,0.3,14.5
Kolkata,2026-07-04 07:00:00,28.2,88,996.7,0.7,16.8
Kolkata,2026-07-04 08:00:00,28.9,86,997.0,2.2,14.3
Kolkata,2026-07-04 09:00:00,30.3,78,996.8,0.2,16.2
Kolkata,2026-07-04 10:00:00,28.8,87,996.6,3.4,14.2
Kolkata,2026-07-04 11:00:00,31.8,68,996.2,0.0,20.3
Kolkata,2026-07-04 12:00:00,32.2,66,995.2,0.1,19.8
Kolkata,2026-07-04 13:00:00,32.0,67,994.3,0.1,20.4
Kolkata,2026-07-04 14:00:00,30.0,78,994.1,0.3,16.8
Kolkata,2026-07-04 15:00:00,30.2,80,993.7,0.0,13.0
Kolkata,2026-07-04 16:00:00,30.8,76,993.4,0.2,13.5
Kolkata,2026-07-04 17:00:00,30.2,82,993.3,0.1,13.5
Kolkata,2026-07-04 18:00:00,29.8,79,993.9,0.0,14.0
Kolkata,2026-07-04 19:00:00,29.4,81,994.6,0.0,12.6
Kolkata,2026-07-04 20:00:00,29.1,80,995.3,0.0,12.8
Kolkata,2026-07-04 21:00:00,28.7,81,995.9,0.1,14.4
Kolkata,2026-07-04 22:00:00,28.3,83,995.7,0.0,15.2
Kolkata,2026-07-04 23:00:00,28.4,85,995.3,0.0,14.7
Kolkata,2026-07-05 00:00:00,27.9,88,994.7,0.0,14.9
Kolkata,2026-07-05 01:00:00,27.5,90,994.1,0.1,14.2
Kolkata,2026-07-05 02:00:00,27.3,89,994.3,0.5,15.7
Kolkata,2026-07-05 03:00:00,26.9,92,994.2,0.6,15.6
Kolkata,2026-07-05 04:00:00,27.0,90,994.4,0.3,16.4
Kolkata,2026-07-05 05:00:00,27.3,94,994.5,0.4,14.8
Kolkata,2026-07-05 06:00:00,27.1,95,994.9,1.0,16.1
Kolkata,2026-07-05 07:00:00,27.6,92,994.7,1.2,16.7
Kolkata,2026-07-05 08:00:00,28.3,89,995.2,0.6,15.0
Kolkata,2026-07-05 09:00:00,29.7,80,995.1,0.2,15.3
Kolkata,2026-07-05 10:00:00,30.6,76,994.3,0.2,15.5
Kolkata,2026-07-05 11:00:00,30.3,77,994.5,0.1,16.3
Kolkata,2026-07-05 12:00:00,29.8,79,993.8,0.5,15.8
Kolkata,2026-07-05 13:00:00,30.2,73,993.3,1.0,15.5
Kolkata,2026-07-05 14:00:00,29.6,81,992.9,0.3,13.6
Kolkata,2026-07-05 15:00:00,29.5,79,992.6,0.4,15.9
Kolkata,2026-07-05 16:00:00,28.7,83,992.4,0.5,14.4
Kolkata,2026-07-05 17:00:00,27.4,94,993.1,1.3,12.2
Kolkata,2026-07-05 18:00:00,27.1,95,993.9,1.5,12.0
Kolkata,2026-07-05 19:00:00,27.2,95,994.9,0.6,12.2
Kolkata,2026-07-05 20:00:00,27.0,94,995.7,0.4,13.1
Kolkata,2026-07-05 21:00:00,26.9,93,996.2,0.3,13.2
Kolkata,2026-07-05 22:00:00,27.0,91,996.3,0.2,14.8
Kolkata,2026-07-05 23:00:00,26.4,93,995.7,0.9,15.8
Kolkata,2026-07-06 00:00:00,25.7,97,995.3,3.1,12.1
Kolkata,2026-07-06 01:00:00,26.5,96,995.1,0.4,15.4
Kolkata,2026-07-06 02:00:00,26.1,95,995.0,0.4,13.9
Kolkata,2026-07-06 03:00:00,26.1,95,995.1,0.2,12.4
Kolkata,2026-07-06 04:00:00,26.3,95,995.1,0.1,12.6
Kolkata,2026-07-06 05:00:00,26.7,95,995.4,0.3,12.4
Kolkata,2026-07-06 06:00:00,27.0,91,996.1,0.1,12.6
Kolkata,2026-07-06 07:00:00,27.6,87,996.8,0.3,15.9
Kolkata,2026-07-06 08:00:00,28.6,82,997.0,0.1,15.6
Kolkata,2026-07-06 09:00:00,29.6,80,997.4,0.4,14.1
Kolkata,2026-07-06 10:00:00,30.4,75,997.1,0.2,13.8
Kolkata,2026-07-06 11:00:00,29.2,81,997.6,0.8,11.2
Kolkata,2026-07-06 12:00:00,30.1,78,997.2,0.4,13.6
Kolkata,2026-07-06 13:00:00,29.1,79,996.7,1.5,14.8
Kolkata,2026-07-06 14:00:00,29.0,86,996.7,1.2,10.3
Kolkata,2026-07-06 15:00:00,28.8,82,996.5,1.1,14.1
Kolkata,2026-07-06 16:00:00,28.0,88,996.8,0.6,11.7
Kolkata,2026-07-06 17:00:00,28.9,86,997.3,0.3,11.9
Kolkata,2026-07-06 18:00:00,27.9,88,998.1,0.4,10.8
Kolkata,2026-07-06 19:00:00,26.9,92,999.1,0.7,14.1
Kolkata,2026-07-06 20:00:00,26.7,93,999.8,0.5,14.3
Kolkata,2026-07-06 21:00:00,27.1,92,1000.8,0.4,16.2
Kolkata,2026-07-06 22:00:00,26.0,95,1001.1,1.6,14.6
Kolkata,2026-07-06 23:00:00,27.2,93,1000.7,0.6,14.7
Kolkata,2026-07-07 00:00:00,27.0,92,1000.2,0.0,12.5
Kolkata,2026-07-07 01:00:00,27.5,92,999.9,0.0,12.6
Kolkata,2026-07-07 02:00:00,25.7,96,1000.0,3.0,13.2
Kolkata,2026-07-07 03:00:00,25.1,97,1000.8,10.3,7.8
Kolkata,2026-07-07 04:00:00,25.4,97,1000.8,2.8,10.2
Kolkata,2026-07-07 05:00:00,27.3,91,1000.6,0.3,9.6
Kolkata,2026-07-07 06:00:00,28.2,88,1000.6,0.0,13.9
Kolkata,2026-07-07 07:00:00,28.3,83,1001.5,0.2,15.5
Kolkata,2026-07-07 08:00:00,27.2,90,1002.4,0.9,15.0
Kolkata,2026-07-07 09:00:00,29.1,85,1002.1,0.4,17.0
Kolkata,2026-07-07 10:00:00,28.9,87,1002.1,1.9,16.7
Kolkata,2026-07-07 11:00:00,29.4,85,1001.7,0.5,9.2
Kolkata,2026-07-07 12:00:00,28.2,90,1001.2,2.2,13.6
Kolkata,2026-07-07 13:00:00,28.4,91,1000.8,2.6,11.1
Kolkata,2026-07-07 14:00:00,28.7,91,1000.3,1.0,8.3
Kolkata,2026-07-07 15:00:00,27.8,92,1000.3,3.5,10.5
Kolkata,2026-07-07 16:00:00,28.5,89,1000.1,0.6,11.0
Kolkata,2026-07-07 17:00:00,28.9,89,1000.2,0.2,10.1
Kolkata,2026-07-07 18:00:00,28.8,90,1000.6,0.0,10.0
Kolkata,2026-07-07 19:00:00,28.8,90,1001.3,0.0,10.1
Kolkata,2026-07-07 20:00:00,28.8,89,1002.4,0.0,10.6
Kolkata,2026-07-07 21:00:00,29.0,86,1002.9,0.0,11.0
Kolkata,2026-07-07 22:00:00,29.0,83,1003.2,0.0,12.7
Kolkata,2026-07-07 23:00:00,29.5,81,1002.1,0.0,13.1
Kolkata,2026-07-08 00:00:00,28.6,84,1001.8,0.2,13.0
Kolkata,2026-07-08 01:00:00,28.2,87,1001.3,0.5,12.3
Kolkata,2026-07-08 02:00:00,28.4,86,1001.1,0.0,12.2
Kolkata,2026-07-08 03:00:00,27.8,87,1001.0,0.3,12.7
Kolkata,2026-07-08 04:00:00,27.5,88,1001.5,0.1,13.6
Kolkata,2026-07-08 05:00:00,28.1,85,1001.6,1.1,13.4
Kolkata,2026-07-08 06:00:00,28.5,84,1002.0,0.0,11.7
Kolkata,2026-07-08 07:00:00,29.8,81,1002.3,0.0,11.0
Kolkata,2026-07-08 08:00:00,30.8,76,1002.4,0.0,14.8
Kolkata,2026-07-08 09:00:00,31.5,74,1002.3,0.1,14.1
Kolkata,2026-07-08 10:00:00,31.5,76,1001.9,0.3,14.2
Kolkata,2026-07-08 11:00:00,32.7,70,1002.1,0.9,14.5
Kolkata,2026-07-08 12:00:00,31.6,73,1001.4,0.5,14.0
Kolkata,2026-07-08 13:00:00,31.1,75,1000.8,1.0,11.9
Kolkata,2026-07-08 14:00:00,30.5,79,1000.6,0.8,8.2
Kolkata,2026-07-08 15:00:00,28.4,89,1000.6,2.5,10.6
Kolkata,2026-07-08 16:00:00,28.8,90,1000.1,0.6,11.0
Kolkata,2026-07-08 17:00:00,29.9,87,1000.0,0.3,10.3
Kolkata,2026-07-08 18:00:00,29.3,90,1000.6,0.4,10.4
Kolkata,2026-07-08 19:00:00,29.1,91,1001.0,0.1,10.4
Kolkata,2026-07-08 20:00:00,29.3,91,1001.8,0.0,10.6
Kolkata,2026-07-08 21:00:00,29.4,90,1002.6,0.0,10.6
Kolkata,2026-07-08 22:00:00,29.1,89,1002.4,0.0,11.4
Kolkata,2026-07-08 23:00:00,28.2,91,1002.2,0.0,13.5
Kolkata,2026-07-09 00:00:00,28.4,90,1001.7,0.1,14.2
Kolkata,2026-07-09 01:00:00,28.6,89,1001.4,0.0,13.4
Kolkata,2026-07-09 02:00:00,28.4,88,1001.1,0.0,14.6
Kolkata,2026-07-09 03:00:00,28.4,87,1001.6,0.0,14.6
Kolkata,2026-07-09 04:00:00,28.3,86,1001.6,0.0,13.4
Kolkata,2026-07-09 05:00:00,28.7,85,1001.8,0.0,13.7
Kolkata,2026-07-09 06:00:00,28.9,86,1002.1,0.0,12.3
Kolkata,2026-07-09 07:00:00,27.8,89,1003.2,0.8,17.4
Kolkata,2026-07-09 08:00:00,27.4,94,1003.2,1.5,11.8
Kolkata,2026-07-09 09:00:00,27.9,94,1003.2,0.9,12.0
Kolkata,2026-07-09 10:00:00,28.1,89,1003.2,2.0,13.4
Kolkata,2026-07-09 11:00:00,28.1,89,1003.6,0.4,13.1
Kolkata,2026-07-09 12:00:00,27.7,93,1002.3,2.4,13.6
Kolkata,2026-07-09 13:00:00,27.6,92,1002.3,4.6,11.1
Kolkata,2026-07-09 14:00:00,27.7,94,1001.7,2.4,12.2
Kolkata,2026-07-09 15:00:00,27.8,93,1001.1,0.9,11.5
Kolkata,2026-07-09 16:00:00,27.7,93,1000.9,0.1,11.5
Kolkata,2026-07-09 17:00:00,29.2,85,1000.5,1.0,9.4
Kolkata,2026-07-09 18:00:00,28.5,88,1001.3,0.0,10.1
Kolkata,2026-07-09 19:00:00,27.7,92,1002.1,1.0,11.0
Kolkata,2026-07-09 20:00:00,27.7,95,1002.6,2.3,10.3
Kolkata,2026-07-09 21:00:00,27.4,95,1003.4,2.2,12.2
Kolkata,2026-07-09 22:00:00,26.3,97,1003.1,3.7,11.8
Kolkata,2026-07-09 23:00:00,27.0,97,1002.2,14.6,8.7
Kolkata,2026-07-10 00:00:00,26.6,96,1001.0,2.1,15.4
Kolkata,2026-07-10 01:00:00,26.6,96,1001.1,2.9,14.1
Kolkata,2026-07-10 02:00:00,26.4,96,1000.4,3.1,13.0
Kolkata,2026-07-10 03:00:00,26.3,96,1000.7,1.9,11.0
Kolkata,2026-07-10 04:00:00,26.1,97,1000.9,1.6,7.2
Kolkata,2026-07-10 05:00:00,27.5,95,1000.4,3.9,13.4
Kolkata,2026-07-10 06:00:00,27.4,96,1001.4,6.3,12.1
Kolkata,2026-07-10 07:00:00,27.4,96,1002.2,3.3,9.4
Kolkata,2026-07-10 08:00:00,27.4,96,1002.6,2.8,8.7
Kolkata,2026-07-10 09:00:00,27.7,96,1002.1,1.8,9.6
Kolkata,2026-07-10 10:00:00,28.5,94,1002.3,2.6,10.0
Kolkata,2026-07-10 11:00:00,28.3,93,1002.2,1.7,10.3
Kolkata,2026-07-10 12:00:00,28.3,94,1001.1,1.5,10.1
Kolkata,2026-07-10 13:00:00,29.4,86,1000.3,0.8,11.8
Kolkata,2026-07-10 14:00:00,29.8,82,1000.2,0.4,10.3
Kolkata,2026-07-10 15:00:00,29.6,84,999.8,0.2,5.9
Kolkata,2026-07-10 16:00:00,27.9,89,999.8,0.9,11.1
Kolkata,2026-07-10 17:00:00,27.1,94,1001.1,0.6,11.4
Kolkata,2026-07-10 18:00:00,26.6,95,1000.8,2.0,9.8
Kolkata,2026-07-10 19:00:00,26.6,95,1001.3,0.4,10.2
Kolkata,2026-07-10 20:00:00,26.6,95,1001.8,0.1,9.7
Kolkata,2026-07-10 21:00:00,26.7,95,1002.1,0.2,8.4
Kolkata,2026-07-10 22:00:00,26.8,94,1001.9,0.0,9.6
Kolkata,2026-07-10 23:00:00,26.9,94,1001.9,0.0,10.4
Kolkata,2026-07-11 00:00:00,26.6,95,1001.6,2.7,8.7
Kolkata,2026-07-11 01:00:00,26.5,95,1000.2,4.5,12.6
Kolkata,2026-07-11 02:00:00,26.6,96,1000.1,4.6,9.7
Kolkata,2026-07-11 03:00:00,26.7,96,1000.1,3.1,8.4
Kolkata,2026-07-11 04:00:00,26.7,96,1000.2,3.4,7.7
Kolkata,2026-07-11 05:00:00,27.1,96,1000.4,1.7,12.5
Kolkata,2026-07-11 06:00:00,27.5,95,1000.6,0.6,10.0
Kolkata,2026-07-11 07:00:00,28.7,90,1001.1,0.2,9.9
Kolkata,2026-07-11 08:00:00,30.1,81,1001.1,0.1,11.2
Kolkata,2026-07-11 09:00:00,31.3,73,1001.3,0.1,11.4
Kolkata,2026-07-11 10:00:00,32.3,67,1001.0,0.1,11.2
Kolkata,2026-07-11 11:00:00,32.6,66,1000.7,0.2,14.0
Kolkata,2026-07-11 12:00:00,32.3,68,1000.0,0.2,10.2
Kolkata,2026-07-11 13:00:00,32.5,70,998.8,0.0,7.3
Kolkata,2026-07-11 14:00:00,30.4,80,998.5,1.0,8.3
Kolkata,2026-07-11 15:00:00,30.2,82,997.7,0.5,4.8
Kolkata,2026-07-11 16:00:00,29.3,87,997.4,0.8,8.0
Kolkata,2026-07-11 17:00:00,30.2,84,998.0,1.5,2.6
Kolkata,2026-07-11 18:00:00,26.7,98,999.1,9.1,10.0
Kolkata,2026-07-11 19:00:00,27.1,96,999.4,2.5,5.4
Kolkata,2026-07-11 20:00:00,27.2,97,999.6,1.0,6.4
Kolkata,2026-07-11 21:00:00,27.5,95,1000.0,0.8,8.5
Kolkata,2026-07-11 22:00:00,27.6,95,1000.0,0.2,8.5
Kolkata,2026-07-11 23:00:00,28.8,94,999.0,0.0,9.3
Kolkata,2026-07-12 00:00:00,28.1,95,998.0,0.9,7.0
Kolkata,2026-07-12 01:00:00,27.7,96,997.6,0.6,6.0
Kolkata,2026-07-12 02:00:00,27.2,96,997.6,0.2,9.4
Kolkata,2026-07-12 03:00:00,27.0,95,997.3,0.5,10.8
Kolkata,2026-07-12 04:00:00,26.8,95,997.6,0.1,9.7
Kolkata,2026-07-12 05:00:00,27.8,93,997.2,0.0,10.5
Kolkata,2026-07-12 06:00:00,27.9,89,998.0,0.1,10.2
Kolkata,2026-07-12 07:00:00,28.3,88,998.5,0.0,9.5
Kolkata,2026-07-12 08:00:00,29.2,85,998.7,0.2,8.0
Kolkata,2026-07-12 09:00:00,29.5,86,998.6,0.1,7.3
Kolkata,2026-07-12 10:00:00,31.7,76,998.3,0.0,7.9
Kolkata,2026-07-12 11:00:00,31.2,77,998.8,0.0,6.4
Kolkata,2026-07-12 12:00:00,31.1,77,998.0,0.3,7.6
Kolkata,2026-07-12 13:00:00,31.1,78,997.3,0.1,4.1
Kolkata,2026-07-12 14:00:00,31.3,79,996.9,0.1,4.5
Kolkata,2026-07-12 15:00:00,31.3,77,996.7,0.3,7.5
Kolkata,2026-07-12 16:00:00,30.0,82,996.8,0.4,9.4
Kolkata,2026-07-12 17:00:00,27.8,94,997.5,0.1,3.6
Kolkata,2026-07-12 18:00:00,28.0,97,997.8,0.6,9.3
Kolkata,2026-07-12 19:00:00,28.0,94,998.4,0.0,9.9
Kolkata,2026-07-12 20:00:00,28.2,93,999.0,0.0,7.8
Kolkata,2026-07-12 21:00:00,28.4,92,999.8,0.0,9.9
Kolkata,2026-07-12 22:00:00,28.4,91,999.9,0.0,9.6
Kolkata,2026-07-12 23:00:00,29.4,88,999.1,0.0,9.0
Kolkata,2026-07-13 00:00:00,29.1,88,998.6,0.3,9.6
Kolkata,2026-07-13 01:00:00,28.9,89,998.2,0.2,6.6
Kolkata,2026-07-13 02:00:00,28.8,91,997.7,0.3,7.5
Kolkata,2026-07-13 03:00:00,28.7,92,997.5,0.2,7.8
Kolkata,2026-07-13 04:00:00,28.4,94,998.0,1.4,5.1
Kolkata,2026-07-13 05:00:00,29.0,90,997.6,0.7,6.6
Kolkata,2026-07-13 06:00:00,29.5,89,998.4,0.0,3.6
Kolkata,2026-07-13 07:00:00,30.1,86,998.8,0.0,3.1
Kolkata,2026-07-13 08:00:00,31.4,81,999.1,0.0,3.9
Kolkata,2026-07-13 09:00:00,32.5,74,999.2,0.1,6.2
Kolkata,2026-07-13 10:00:00,30.3,82,999.8,2.1,4.3
Kolkata,2026-07-13 11:00:00,30.3,82,1000.0,0.6,8.7
Kolkata,2026-07-13 12:00:00,30.2,79,999.3,0.8,9.5
Kolkata,2026-07-13 13:00:00,30.2,80,998.8,0.7,8.4
Kolkata,2026-07-13 14:00:00,29.6,84,998.4,1.0,7.0
Kolkata,2026-07-13 15:00:00,29.1,87,998.2,0.6,4.7
Kolkata,2026-07-13 16:00:00,28.9,88,998.0,0.5,4.9
Kolkata,2026-07-13 17:00:00,27.2,95,999.7,0.8,6.9
Kolkata,2026-07-13 18:00:00,27.1,95,999.7,1.2,2.7
Kolkata,2026-07-13 19:00:00,26.6,97,1000.4,1.0,3.1
Kolkata,2026-07-13 20:00:00,26.3,98,1000.7,5.7,5.4
Kolkata,2026-07-13 21:00:00,26.3,98,1001.0,0.4,4.9
Kolkata,2026-07-13 22:00:00,26.1,98,1001.2,2.7,0.8
Kolkata,2026-07-13 23:00:00,27.2,93,1000.2,0.9,2.7
Kolkata,2026-07-14 00:00:00,26.8,95,1000.0,0.0,1.4
Kolkata,2026-07-14 01:00:00,26.8,95,999.7,0.0,2.2
Kolkata,2026-07-14 02:00:00,26.6,97,999.7,0.0,2.5
Kolkata,2026-07-14 03:00:00,26.6,95,999.9,0.1,0.6
Kolkata,2026-07-14 04:00:00,26.3,97,999.8,0.5,4.7
Kolkata,2026-07-14 05:00:00,26.9,97,999.7,1.0,2.2
Kolkata,2026-07-14 06:00:00,26.4,99,999.9,1.1,6.9
Kolkata,2026-07-14 07:00:00,27.4,94,1000.3,0.4,2.8
Kolkata,2026-07-14 08:00:00,29.3,84,1001.0,0.1,4.4
Kolkata,2026-07-14 09:00:00,30.4,80,1001.2,0.1,6.7
Kolkata,2026-07-14 10:00:00,30.5,79,1000.9,0.1,7.8
Kolkata,2026-07-14 11:00:00,31.8,72,1000.5,0.0,6.5
Kolkata,2026-07-14 12:00:00,32.2,70,999.6,0.1,6.4
Kolkata,2026-07-14 13:00:00,32.5,69,998.5,0.1,6.1
Kolkata,2026-07-14 14:00:00,32.2,71,998.5,0.1,3.4
Kolkata,2026-07-14 15:00:00,29.0,87,998.5,3.1,8.3
Kolkata,2026-07-14 16:00:00,29.6,84,998.1,0.3,4.2
Kolkata,2026-07-14 17:00:00,29.0,85,998.8,0.1,6.7
Kolkata,2026-07-14 18:00:00,28.4,88,999.4,0.0,2.3
Kolkata,2026-07-14 19:00:00,28.0,89,1000.0,0.6,1.2
Kolkata,2026-07-14 20:00:00,27.9,91,1000.8,0.0,1.0
Kolkata,2026-07-14 21:00:00,27.8,92,1001.5,0.0,1.3
Kolkata,2026-07-14 22:00:00,27.8,92,1001.6,0.0,1.5
Kolkata,2026-07-14 23:00:00,28.3,90,1001.0,0.0,2.8
Kolkata,2026-07-15 00:00:00,27.8,92,1000.1,0.0,2.6
Kolkata,2026-07-15 01:00:00,27.4,95,999.7,0.0,3.7
Kolkata,2026-07-15 02:00:00,27.2,95,999.8,0.0,3.5
Kolkata,2026-07-15 03:00:00,27.1,95,999.8,0.0,4.9
Kolkata,2026-07-15 04:00:00,26.9,95,1000.1,0.0,4.9
Kolkata,2026-07-15 05:00:00,27.6,91,1000.1,0.0,7.1
Kolkata,2026-07-15 06:00:00,28.2,89,1000.5,0.0,7.4
Kolkata,2026-07-15 07:00:00,29.2,83,1000.9,0.1,10.8
Kolkata,2026-07-15 08:00:00,29.9,79,1001.0,0.1,12.1
Kolkata,2026-07-15 09:00:00,31.0,73,1001.1,0.0,11.7
Kolkata,2026-07-15 10:00:00,31.9,71,1000.7,0.1,10.2
Kolkata,2026-07-15 11:00:00,32.4,67,1000.8,0.1,12.0
Kolkata,2026-07-15 12:00:00,32.5,69,999.8,0.1,12.7
Kolkata,2026-07-15 13:00:00,32.2,70,999.0,0.0,12.3
Kolkata,2026-07-15 14:00:00,32.4,67,998.2,0.1,10.8
Kolkata,2026-07-15 15:00:00,31.1,72,998.0,0.8,13.0
Kolkata,2026-07-15 16:00:00,30.1,76,998.1,0.4,13.3
Kolkata,2026-07-15 17:00:00,30.4,79,998.3,0.0,6.9
Kolkata,2026-07-15 18:00:00,29.8,79,999.3,0.1,9.0
Kolkata,2026-07-15 19:00:00,28.9,80,1000.2,0.1,11.7
Kolkata,2026-07-15 20:00:00,28.4,83,1000.7,0.0,10.5
Kolkata,2026-07-15 21:00:00,28.2,85,1001.4,0.0,8.8
Kolkata,2026-07-15 22:00:00,27.9,86,1001.8,0.0,7.5
Kolkata,2026-07-15 23:00:00,28.1,87,1000.9,0.0,9.3
Kolkata,2026-07-16 00:00:00,27.7,86,1000.0,0.1,10.0
Kolkata,2026-07-16 01:00:00,27.5,89,999.6,0.1,8.7
Kolkata,2026-07-16 02:00:00,27.2,90,999.4,0.0,8.7
Kolkata,2026-07-16 03:00:00,27.0,90,999.7,0.0,8.4
Kolkata,2026-07-16 04:00:00,26.8,91,999.9,0.0,9.8
Kolkata,2026-07-16 05:00:00,27.0,94,999.7,0.0,10.8
Kolkata,2026-07-16 06:00:00,27.8,89,1000.1,0.0,11.1
Kolkata,2026-07-16 07:00:00,28.5,85,1000.4,0.1,13.6
Kolkata,2026-07-16 08:00:00,29.2,82,1000.7,0.1,13.2
Kolkata,2026-07-16 09:00:00,29.7,79,1000.9,0.1,11.3
Kolkata,2026-07-16 10:00:00,30.6,77,1000.8,0.0,12.0
Kolkata,2026-07-16 11:00:00,30.2,78,1000.1,0.1,12.0
Kolkata,2026-07-16 12:00:00,30.7,75,999.6,1.8,10.5
Kolkata,2026-07-16 13:00:00,31.3,73,998.6,0.3,7.9
Kolkata,2026-07-16 14:00:00,30.1,79,998.1,1.3,8.9
Kolkata,2026-07-16 15:00:00,30.4,81,997.8,1.8,9.1
Kolkata,2026-07-16 16:00:00,31.2,73,997.6,0.1,12.5
Kolkata,2026-07-16 17:00:00,30.3,79,997.8,0.0,11.7
Kolkata,2026-07-16 18:00:00,29.4,80,998.8,0.2,11.4
Kolkata,2026-07-16 19:00:00,28.7,85,999.8,0.1,10.5
Kolkata,2026-07-16 20:00:00,28.5,85,1000.4,0.0,11.1
Kolkata,2026-07-16 21:00:00,28.0,87,1001.2,0.0,10.0
Kolkata,2026-07-16 22:00:00,27.8,87,1001.4,0.0,9.1
Kolkata,2026-07-16 23:00:00,27.9,87,1000.5,0.0,9.4
Kolkata,2026-07-17 00:00:00,27.5,89,999.9,0.0,8.3
Kolkata,2026-07-17 01:00:00,27.3,90,999.4,0.1,7.6
Kolkata,2026-07-17 02:00:00,27.2,90,998.9,0.0,7.9
Kolkata,2026-07-17 03:00:00,27.1,91,998.9,0.0,7.9
Kolkata,2026-07-17 04:00:00,27.0,92,999.2,0.0,7.0
Kolkata,2026-07-17 05:00:00,27.5,92,999.1,0.1,8.7
Kolkata,2026-07-17 06:00:00,28.2,90,1000.1,0.0,6.1
Kolkata,2026-07-17 07:00:00,29.5,84,1000.4,0.0,8.5
Kolkata,2026-07-17 08:00:00,30.4,79,1000.8,0.1,9.7
Kolkata,2026-07-17 09:00:00,30.3,80,1000.9,0.2,10.8
Kolkata,2026-07-17 10:00:00,30.6,78,1000.8,0.9,10.3
Kolkata,2026-07-17 11:00:00,30.8,73,1001.1,0.1,10.6
Kolkata,2026-07-17 12:00:00,30.6,78,1000.8,0.1,11.4
Kolkata,2026-07-17 13:00:00,31.0,76,1000.0,0.2,10.7
Kolkata,2026-07-17 14:00:00,30.2,80,999.7,0.4,13.0
Kolkata,2026-07-17 15:00:00,30.3,79,999.1,2.4,10.7
Kolkata,2026-07-17 16:00:00,30.2,80,998.6,0.6,13.7
Kolkata,2026-07-17 17:00:00,29.9,79,999.7,0.1,14.1
Kolkata,2026-07-17 18:00:00,29.2,81,1000.1,0.1,12.7
Kolkata,2026-07-17 19:00:00,28.7,85,1001.2,0.0,12.1
Kolkata,2026-07-17 20:00:00,28.4,86,1001.8,0.0,13.0
Kolkata,2026-07-17 21:00:00,28.3,86,1002.5,0.0,14.5
Kolkata,2026-07-17 22:00:00,27.6,87,1002.8,0.0,13.7
Kolkata,2026-07-17 23:00:00,27.4,90,1002.0,1.7,12.1
Kolkata,2026-07-18 00:00:00,26.8,95,1001.8,2.0,11.6
Kolkata,2026-07-18 01:00:00,26.4,97,1001.3,4.4,9.8
Kolkata,2026-07-18 02:00:00,26.4,97,1001.1,1.7,9.3
Kolkata,2026-07-18 03:00:00,26.3,97,1001.2,0.3,9.5
Kolkata,2026-07-18 04:00:00,26.5,96,1001.5,0.0,8.4
Kolkata,2026-07-18 05:00:00,27.0,96,1001.3,0.1,9.4
Kolkata,2026-07-18 06:00:00,27.5,95,1002.0,0.0,8.7
Kolkata,2026-07-18 07:00:00,28.8,87,1002.6,0.0,9.3
Kolkata,2026-07-18 08:00:00,30.1,82,1002.3,0.0,10.1
Kolkata,2026-07-18 09:00:00,31.1,76,1002.1,0.3,12.6
Kolkata,2026-07-18 10:00:00,31.6,74,1002.1,0.2,11.9
Kolkata,2026-07-18 11:00:00,32.2,70,1001.9,0.0,10.9
Kolkata,2026-07-18 12:00:00,32.3,70,1001.0,0.2,12.4
Kolkata,2026-07-18 13:00:00,31.7,71,1000.9,0.2,11.7
Kolkata,2026-07-18 14:00:00,31.2,75,1000.6,1.6,11.8
Kolkata,2026-07-18 15:00:00,31.1,73,999.7,0.1,16.5
Kolkata,2026-07-18 16:00:00,30.7,72,1000.0,0.2,14.6
Kolkata,2026-07-18 17:00:00,30.7,75,1000.5,0.2,11.5
Kolkata,2026-07-18 18:00:00,29.8,79,1001.3,0.0,10.9
Kolkata,2026-07-18 19:00:00,29.1,82,1002.1,0.0,10.5
Kolkata,2026-07-18 20:00:00,28.8,83,1003.0,0.0,10.5
Kolkata,2026-07-18 21:00:00,28.4,84,1003.7,0.0,9.6
Kolkata,2026-07-18 22:00:00,28.1,86,1004.0,0.0,7.8
Kolkata,2026-07-18 23:00:00,28.3,86,1003.5,0.0,9.0
Kolkata,2026-07-19 00:00:00,28.0,88,1002.5,0.0,7.6
Kolkata,2026-07-19 01:00:00,27.8,90,1002.2,0.0,9.3
Kolkata,2026-07-19 02:00:00,27.5,91,1002.0,0.1,10.4
Kolkata,2026-07-19 03:00:00,27.4,90,1002.3,0.2,10.6
Kolkata,2026-07-19 04:00:00,25.9,96,1003.1,3.4,7.5
Kolkata,2026-07-19 05:00:00,27.7,89,1002.8,1.3,10.1
Kolkata,2026-07-19 06:00:00,28.4,86,1003.1,0.0,9.3
Kolkata,2026-07-19 07:00:00,29.1,84,1003.9,0.1,11.0
Kolkata,2026-07-19 08:00:00,28.3,88,1004.3,2.1,12.4
Kolkata,2026-07-19 09:00:00,29.4,83,1004.2,2.1,8.7
Kolkata,2026-07-19 10:00:00,29.4,83,1004.2,0.7,9.0
Kolkata,2026-07-19 11:00:00,31.1,74,1003.3,0.1,12.1
Kolkata,2026-07-19 12:00:00,30.6,78,1002.4,1.4,11.9
Kolkata,2026-07-19 13:00:00,31.2,75,1002.0,0.4,10.5
Kolkata,2026-07-19 14:00:00,28.9,83,1002.3,2.8,12.2
Kolkata,2026-07-19 15:00:00,28.1,89,1002.3,1.0,9.4
Kolkata,2026-07-19 16:00:00,27.9,90,1001.8,0.7,7.5
Kolkata,2026-07-19 17:00:00,30.3,82,1001.7,0.2,9.2
Kolkata,2026-07-19 18:00:00,29.3,84,1002.7,0.0,8.4
Kolkata,2026-07-19 19:00:00,29.1,84,1003.5,0.3,8.1
Kolkata,2026-07-19 20:00:00,29.0,83,1004.3,0.1,10.9
Kolkata,2026-07-19 21:00:00,28.2,85,1004.4,0.2,7.7
Kolkata,2026-07-19 22:00:00,28.1,87,1004.4,0.1,8.2
Kolkata,2026-07-19 23:00:00,28.1,88,1004.2,0.0,10.5
Kolkata,2026-07-20 00:00:00,27.8,90,1003.3,0.0,9.7
Kolkata,2026-07-20 01:00:00,27.4,90,1003.0,0.2,10.0
Kolkata,2026-07-20 02:00:00,27.4,91,1002.7,0.2,7.4
Kolkata,2026-07-20 03:00:00,27.0,93,1002.9,0.1,5.2
Kolkata,2026-07-20 04:00:00,27.0,93,1003.2,0.0,2.7
Kolkata,2026-07-20 05:00:00,27.7,91,1002.9,0.0,7.7
Kolkata,2026-07-20 06:00:00,28.3,90,1003.4,0.0,6.4
Kolkata,2026-07-20 07:00:00,28.0,90,1004.1,0.1,10.2
Kolkata,2026-07-20 08:00:00,27.9,91,1004.3,0.9,7.6
Kolkata,2026-07-20 09:00:00,28.7,88,1004.7,0.7,8.7
Kolkata,2026-07-20 10:00:00,28.5,88,1004.9,0.7,6.1
Kolkata,2026-07-20 11:00:00,30.3,75,1003.7,0.5,5.2
Kolkata,2026-07-20 12:00:00,31.2,72,1002.8,0.2,5.9
Kolkata,2026-07-20 13:00:00,29.8,76,1003.0,0.3,11.4
Kolkata,2026-07-20 14:00:00,27.7,90,1002.8,2.2,12.7
Kolkata,2026-07-20 15:00:00,27.8,88,1002.3,0.8,9.5
Kolkata,2026-07-20 16:00:00,27.9,86,1002.5,0.4,10.1
Kolkata,2026-07-20 17:00:00,27.8,91,1002.8,1.2,9.7
Kolkata,2026-07-20 18:00:00,27.5,91,1003.0,0.0,9.2
Kolkata,2026-07-20 19:00:00,27.3,92,1003.2,0.1,10.2
Kolkata,2026-07-20 20:00:00,27.0,95,1004.0,1.2,9.4
Kolkata,2026-07-20 21:00:00,26.9,95,1004.8,0.4,11.0
Kolkata,2026-07-20 22:00:00,26.8,96,1004.8,0.4,9.2
Kolkata,2026-07-20 23:00:00,26.9,97,1004.0,0.4,9.8
Kolkata,2026-07-21 00:00:00,25.9,96,1003.7,2.2,10.5
Kolkata,2026-07-21 01:00:00,25.6,96,1003.0,2.6,9.6
Kolkata,2026-07-21 02:00:00,25.2,98,1003.2,1.6,11.3
Kolkata,2026-07-21 03:00:00,25.4,97,1003.2,1.6,12.1
Kolkata,2026-07-21 04:00:00,25.2,97,1003.3,1.5,10.9
Kolkata,2026-07-21 05:00:00,25.3,97,1003.2,3.4,10.7
Kolkata,2026-07-21 06:00:00,25.9,96,1003.7,0.7,10.1
Kolkata,2026-07-21 07:00:00,26.1,96,1003.9,1.0,10.3
Kolkata,2026-07-21 08:00:00,26.5,93,1004.2,0.6,9.9
Kolkata,2026-07-21 09:00:00,27.2,88,1004.1,0.2,8.8
Kolkata,2026-07-21 10:00:00,28.5,84,1003.8,0.1,7.7
Kolkata,2026-07-21 11:00:00,28.8,85,1003.4,0.4,7.0
Kolkata,2026-07-21 12:00:00,28.8,83,1002.4,0.8,11.4
Kolkata,2026-07-21 13:00:00,28.5,83,1001.6,0.7,11.2
Kolkata,2026-07-21 14:00:00,28.1,82,1001.5,1.1,11.0
Kolkata,2026-07-21 15:00:00,26.9,93,1001.4,3.1,10.1
Kolkata,2026-07-21 16:00:00,26.7,94,1001.4,0.6,10.8
Kolkata,2026-07-21 17:00:00,27.9,89,1001.4,0.2,5.6
Kolkata,2026-07-21 18:00:00,27.6,90,1001.9,0.0,7.0
Kolkata,2026-07-21 19:00:00,27.3,92,1002.7,0.1,6.2
Kolkata,2026-07-21 20:00:00,27.2,92,1003.3,0.1,6.7
Kolkata,2026-07-21 21:00:00,27.0,93,1004.0,0.0,6.3
Kolkata,2026-07-21 22:00:00,26.7,94,1004.0,0.0,6.7
Kolkata,2026-07-21 23:00:00,27.2,92,1003.8,0.2,5.1
Kolkata,2026-07-22 00:00:00,25.4,96,1003.4,1.7,7.9
Kolkata,2026-07-22 01:00:00,24.9,98,1002.8,3.9,7.6
Kolkata,2026-07-22 02:00:00,24.9,97,1002.9,7.4,5.6
Kolkata,2026-07-22 03:00:00,24.9,97,1002.5,1.6,7.1
Kolkata,2026-07-22 04:00:00,24.9,97,1002.3,0.3,7.4
Kolkata,2026-07-22 05:00:00,25.4,98,1002.2,0.1,7.1
Kolkata,2026-07-22 06:00:00,26.3,95,1003.2,0.1,8.6
Kolkata,2026-07-22 07:00:00,26.5,92,1003.5,0.8,10.4
Kolkata,2026-07-22 08:00:00,27.3,88,1004.1,0.0,10.0
Kolkata,2026-07-22 09:00:00,27.5,85,1004.2,0.0,9.0
Kolkata,2026-07-22 10:00:00,27.6,84,1003.6,0.1,8.5
Kolkata,2026-07-22 11:00:00,28.4,79,1003.9,0.0,10.3
Kolkata,2026-07-22 12:00:00,27.1,88,1003.7,2.4,13.0
Kolkata,2026-07-22 13:00:00,26.8,90,1003.1,1.3,8.6
Kolkata,2026-07-22 14:00:00,26.4,91,1002.7,1.3,10.7
Kolkata,2026-07-22 15:00:00,26.7,90,1002.2,1.5,10.3
Kolkata,2026-07-22 16:00:00,26.3,95,1002.0,1.6,10.1
Kolkata,2026-07-22 17:00:00,27.2,89,1002.3,0.9,9.2
Kolkata,2026-07-22 18:00:00,26.5,93,1002.4,0.8,9.3
Kolkata,2026-07-22 19:00:00,26.5,94,1003.2,0.3,8.6
Kolkata,2026-07-22 20:00:00,26.5,95,1004.2,0.7,9.4
Kolkata,2026-07-22 21:00:00,26.2,96,1005.1,0.4,8.2
Kolkata,2026-07-22 22:00:00,26.0,96,1004.7,0.4,8.2
Kolkata,2026-07-22 23:00:00,27.1,92,1004.6,0.4,10.7
Kolkata,2026-07-23 00:00:00,26.7,92,1003.8,0.0,9.9
Kolkata,2026-07-23 01:00:00,26.7,91,1003.0,0.0,9.5
Kolkata,2026-07-23 02:00:00,25.2,93,1003.0,0.2,10.4
Kolkata,2026-07-23 03:00:00,24.5,96,1003.1,0.2,7.1
Kolkata,2026-07-23 04:00:00,24.8,96,1003.4,0.1,9.4
Kolkata,2026-07-23 05:00:00,26.2,95,1002.8,0.3,10.2
Kolkata,2026-07-23 06:00:00,26.4,96,1003.3,0.4,10.3
Kolkata,2026-07-23 07:00:00,27.4,93,1003.7,0.2,9.7
Kolkata,2026-07-23 08:00:00,26.5,91,1004.3,1.4,16.5
Kolkata,2026-07-23 09:00:00,26.8,92,1004.3,1.1,12.9
Kolkata,2026-07-23 10:00:00,27.7,88,1003.7,1.1,13.2
Kolkata,2026-07-23 11:00:00,27.2,93,1003.3,0.7,6.4
Kolkata,2026-07-23 12:00:00,28.7,82,1002.7,0.9,15.6
Kolkata,2026-07-23 13:00:00,27.1,88,1001.7,4.4,11.4
Kolkata,2026-07-23 14:00:00,27.7,87,1001.7,1.3,16.0
Kolkata,2026-07-23 15:00:00,27.3,89,1001.7,2.4,10.7
Kolkata,2026-07-23 16:00:00,26.9,88,1001.2,1.0,12.1
Kolkata,2026-07-23 17:00:00,27.2,87,1002.0,3.0,13.7
Kolkata,2026-07-23 18:00:00,26.5,93,1002.4,1.0,11.8
Kolkata,2026-07-23 19:00:00,26.1,95,1002.7,0.6,11.6
Kolkata,2026-07-23 20:00:00,26.1,96,1003.5,0.8,9.3
Kolkata,2026-07-23 21:00:00,26.4,95,1003.9,0.2,10.5
Kolkata,2026-07-23 22:00:00,26.4,94,1003.9,0.1,10.6
Kolkata,2026-07-23 23:00:00,27.0,93,1003.4,0.0,10.3
Kolkata,2026-07-24 00:00:00,26.0,96,1002.7,0.5,13.0
Kolkata,2026-07-24 01:00:00,25.1,98,1002.2,10.6,11.9
Kolkata,2026-07-24 02:00:00,25.1,96,1001.9,7.6,11.2
Kolkata,2026-07-24 03:00:00,25.0,97,1001.4,4.1,10.7
Kolkata,2026-07-24 04:00:00,25.0,97,1001.8,5.5,8.3
Kolkata,2026-07-24 05:00:00,25.5,97,1001.4,6.1,9.8
Kolkata,2026-07-24 06:00:00,25.9,97,1001.8,3.4,10.2
Kolkata,2026-07-24 07:00:00,25.9,95,1002.0,1.7,10.7
Kolkata,2026-07-24 08:00:00,26.4,95,1002.5,1.6,9.6
Kolkata,2026-07-24 09:00:00,26.5,95,1002.4,1.6,8.8
Kolkata,2026-07-24 10:00:00,27.0,90,1002.0,1.5,9.7
Kolkata,2026-07-24 11:00:00,28.6,80,1002.1,2.0,12.2
Kolkata,2026-07-24 12:00:00,27.8,86,1001.1,3.0,7.2
Kolkata,2026-07-24 13:00:00,29.4,82,1000.1,0.6,7.8
Kolkata,2026-07-24 14:00:00,30.2,75,999.3,0.3,7.0
Kolkata,2026-07-24 15:00:00,28.4,82,999.0,1.5,8.3
Kolkata,2026-07-24 16:00:00,28.1,84,999.0,1.3,10.0
Kolkata,2026-07-24 17:00:00,28.9,79,999.4,0.6,5.5
Kolkata,2026-07-24 18:00:00,27.8,87,1000.0,0.0,3.6
Kolkata,2026-07-24 19:00:00,27.3,90,1000.8,0.0,4.6
Kolkata,2026-07-24 20:00:00,26.8,92,1001.7,0.2,3.1
Kolkata,2026-07-24 21:00:00,26.8,93,1002.1,0.3,4.3
Kolkata,2026-07-24 22:00:00,26.3,96,1002.4,1.0,5.5
Kolkata,2026-07-24 23:00:00,27.1,93,1001.8,1.2,4.3
Kolkata,2026-07-25 00:00:00,26.9,95,1001.1,0.3,0.2
Kolkata,2026-07-25 01:00:00,26.5,97,1000.5,0.1,2.1
Kolkata,2026-07-25 02:00:00,25.8,95,1000.6,3.2,1.8
Kolkata,2026-07-25 03:00:00,25.8,96,1000.5,0.6,6.2
Kolkata,2026-07-25 04:00:00,25.8,97,1000.7,0.0,3.1
Kolkata,2026-07-25 05:00:00,26.1,99,1000.2,0.0,6.6
Kolkata,2026-07-25 06:00:00,26.7,94,1001.4,0.0,6.8
Kolkata,2026-07-25 07:00:00,27.4,90,1001.4,0.7,7.8
Kolkata,2026-07-25 08:00:00,28.9,81,1001.0,0.1,10.3
Kolkata,2026-07-25 09:00:00,29.9,76,1000.8,0.2,10.4
Kolkata,2026-07-25 10:00:00,30.9,74,1000.6,0.0,13.5
Kolkata,2026-07-25 11:00:00,29.1,77,1000.7,0.1,13.2
Kolkata,2026-07-25 12:00:00,30.0,78,999.6,2.9,12.2
Kolkata,2026-07-25 13:00:00,31.0,70,999.1,0.3,12.3
Kolkata,2026-07-25 14:00:00,30.9,70,998.8,0.2,11.5
Kolkata,2026-07-25 15:00:00,30.3,73,998.0,0.3,10.3
Kolkata,2026-07-25 16:00:00,29.8,74,997.8,0.2,12.5
Kolkata,2026-07-25 17:00:00,29.3,79,998.4,0.1,13.0
Kolkata,2026-07-25 18:00:00,28.3,83,999.0,0.0,11.0
Kolkata,2026-07-25 19:00:00,27.7,86,999.5,0.0,10.1
Kolkata,2026-07-25 20:00:00,27.5,86,1000.2,0.0,9.9
Kolkata,2026-07-25 21:00:00,27.3,87,1001.1,0.0,7.5
Kolkata,2026-07-25 22:00:00,27.0,88,1001.7,0.0,4.9
Kolkata,2026-07-25 23:00:00,27.4,86,1000.9,0.0,9.0
Kolkata,2026-07-26 00:00:00,26.8,89,1000.2,0.0,9.7
Kolkata,2026-07-26 01:00:00,26.4,90,999.9,0.1,11.2
Kolkata,2026-07-26 02:00:00,26.2,92,999.3,0.0,11.3
Kolkata,2026-07-26 03:00:00,26.1,92,999.2,0.0,10.0
Kolkata,2026-07-26 04:00:00,25.9,92,999.0,0.0,9.6
Kolkata,2026-07-26 05:00:00,26.5,91,999.4,0.0,10.6
Kolkata,2026-07-26 06:00:00,27.0,90,999.6,0.0,10.3
Kolkata,2026-07-26 07:00:00,28.2,82,999.8,0.0,14.3
Kolkata,2026-07-26 08:00:00,29.1,77,999.9,0.1,12.8
Kolkata,2026-07-26 09:00:00,30.3,72,999.8,0.1,14.4
Kolkata,2026-07-26 10:00:00,31.1,71,999.1,0.1,14.4
Kolkata,2026-07-26 11:00:00,31.2,69,999.3,0.0,14.2
Kolkata,2026-07-26 12:00:00,31.1,71,998.3,1.1,15.1
Kolkata,2026-07-26 13:00:00,31.7,68,997.0,0.0,14.0
Kolkata,2026-07-26 14:00:00,30.1,74,996.5,1.0,17.0
Kolkata,2026-07-26 15:00:00,29.5,75,996.2,1.0,16.2
Kolkata,2026-07-26 16:00:00,29.3,77,996.1,0.3,13.2
Kolkata,2026-07-26 17:00:00,29.7,78,996.1,0.1,11.4
Kolkata,2026-07-26 18:00:00,28.7,83,996.6,0.1,9.9
Kolkata,2026-07-26 19:00:00,28.3,83,997.3,0.1,9.4
Kolkata,2026-07-26 20:00:00,27.7,84,998.2,0.2,9.6
Kolkata,2026-07-26 21:00:00,27.1,88,999.1,0.2,10.2
Kolkata,2026-07-26 22:00:00,26.8,89,999.1,0.1,10.7
Kolkata,2026-07-26 23:00:00,27.8,88,998.2,0.3,12.0
Kolkata,2026-07-27 00:00:00,27.2,89,997.2,0.4,13.6
Kolkata,2026-07-27 01:00:00,26.3,93,996.7,0.4,14.4
Kolkata,2026-07-27 02:00:00,25.4,96,996.5,1.3,16.4
Kolkata,2026-07-27 03:00:00,25.2,97,995.9,0.9,16.4
Kolkata,2026-07-27 04:00:00,25.4,96,995.9,0.2,16.3
Kolkata,2026-07-27 05:00:00,26.5,94,996.1,0.4,15.3
Kolkata,2026-07-27 06:00:00,26.3,94,996.8,3.4,14.2
Kolkata,2026-07-27 07:00:00,27.0,94,996.4,0.4,15.9
Kolkata,2026-07-27 08:00:00,27.6,92,996.2,0.5,14.7
Kolkata,2026-07-27 09:00:00,26.9,92,996.6,8.7,17.9
Kolkata,2026-07-27 10:00:00,26.8,92,996.1,1.4,17.0
Kolkata,2026-07-27 11:00:00,28.2,83,996.2,0.3,17.4
Kolkata,2026-07-27 12:00:00,30.6,74,995.0,0.7,17.5
Kolkata,2026-07-27 13:00:00,28.5,83,994.0,1.9,16.9
Kolkata,2026-07-27 14:00:00,30.3,74,993.6,0.7,19.1
Kolkata,2026-07-27 15:00:00,28.1,84,993.4,9.7,17.5
Kolkata,2026-07-27 16:00:00,26.5,93,993.7,5.5,17.8
Kolkata,2026-07-27 17:00:00,28.0,89,993.5,0.9,14.8
Kolkata,2026-07-27 18:00:00,27.8,87,993.5,0.0,16.8
Kolkata,2026-07-27 19:00:00,27.3,89,994.4,0.1,15.6
Kolkata,2026-07-27 20:00:00,26.6,92,995.3,0.8,17.2
Kolkata,2026-07-27 21:00:00,26.7,90,995.9,0.5,18.3
Kolkata,2026-07-27 22:00:00,25.9,95,996.2,2.7,16.6
Kolkata,2026-07-27 23:00:00,26.0,97,995.0,1.2,19.5
Kolkata,2026-07-28 00:00:00,26.0,97,994.4,0.6,17.9
Kolkata,2026-07-28 01:00:00,26.0,96,993.8,0.3,19.6
Kolkata,2026-07-28 02:00:00,26.1,95,993.7,0.3,21.7
Kolkata,2026-07-28 03:00:00,26.2,94,993.9,0.5,20.3
Kolkata,2026-07-28 04:00:00,26.0,94,993.9,0.1,19.0
Kolkata,2026-07-28 05:00:00,26.6,93,993.6,0.1,19.9
Kolkata,2026-07-28 06:00:00,26.9,91,994.8,0.2,19.0
Kolkata,2026-07-28 07:00:00,27.9,86,995.3,0.2,18.5
Kolkata,2026-07-28 08:00:00,28.5,83,996.1,0.2,18.2
Kolkata,2026-07-28 09:00:00,29.0,78,996.6,0.7,19.1
Kolkata,2026-07-28 10:00:00,30.3,73,996.3,0.5,18.5
Kolkata,2026-07-28 11:00:00,30.1,68,997.1,0.8,20.9
Kolkata,2026-07-28 12:00:00,28.6,80,997.4,1.5,19.8
Kolkata,2026-07-28 13:00:00,29.3,77,996.2,0.6,18.3
Kolkata,2026-07-28 14:00:00,29.4,76,995.9,1.0,20.2
Kolkata,2026-07-28 15:00:00,29.5,75,995.6,0.2,17.9
Kolkata,2026-07-28 16:00:00,29.3,76,995.3,0.1,15.8
Kolkata,2026-07-28 17:00:00,28.9,80,996.0,0.8,13.5
Kolkata,2026-07-28 18:00:00,28.4,82,996.5,0.0,11.0
Kolkata,2026-07-28 19:00:00,28.2,81,997.3,0.0,12.2
Kolkata,2026-07-28 20:00:00,27.8,84,998.2,0.1,12.7
Kolkata,2026-07-28 21:00:00,27.3,86,999.0,0.0,13.0
Kolkata,2026-07-28 22:00:00,27.0,89,999.2,0.0,12.8
Kolkata,2026-07-28 23:00:00,27.2,91,999.0,0.0,11.1
Kolkata,2026-07-29 00:00:00,26.7,92,998.9,0.0,9.7
Kolkata,2026-07-29 01:00:00,26.4,91,998.7,0.2,10.1
Kolkata,2026-07-29 02:00:00,26.0,92,998.4,0.1,10.7
Kolkata,2026-07-29 03:00:00,25.8,94,997.9,0.1,8.3
Kolkata,2026-07-29 04:00:00,25.8,93,998.2,0.0,10.8
Kolkata,2026-07-29 05:00:00,26.8,93,998.0,0.0,9.6
Kolkata,2026-07-29 06:00:00,27.3,91,998.4,0.0,7.8
Kolkata,2026-07-29 07:00:00,28.6,85,998.9,0.0,10.2
Kolkata,2026-07-29 08:00:00,29.5,80,999.3,0.0,12.4
Kolkata,2026-07-29 09:00:00,27.6,90,999.9,7.0,10.0
Kolkata,2026-07-29 10:00:00,30.1,77,999.6,0.2,11.3
Kolkata,2026-07-29 11:00:00,30.9,75,998.8,0.3,11.8
Kolkata,2026-07-29 12:00:00,30.1,77,998.7,1.3,13.4
Kolkata,2026-07-29 13:00:00,30.9,76,997.4,0.4,12.0
Kolkata,2026-07-29 14:00:00,27.8,88,997.7,7.6,12.1
Kolkata,2026-07-29 15:00:00,27.9,91,997.3,1.3,10.1
Kolkata,2026-07-29 16:00:00,28.0,89,996.6,1.1,10.1
Kolkata,2026-07-29 17:00:00,29.4,79,996.6,0.3,10.9
Kolkata,2026-07-29 18:00:00,28.5,84,997.6,0.1,10.3
Kolkata,2026-07-29 19:00:00,27.6,89,998.3,0.9,11.5
Kolkata,2026-07-29 20:00:00,27.4,90,999.0,0.1,11.5
Kolkata,2026-07-29 21:00:00,27.3,90,999.9,0.0,11.0
Kolkata,2026-07-29 22:00:00,27.4,88,1000.2,0.0,10.6
Kolkata,2026-07-29 23:00:00,26.8,92,999.8,0.2,9.4
Kolkata,2026-07-30 00:00:00,26.2,95,999.3,0.4,10.7
Kolkata,2026-07-30 01:00:00,26.1,96,999.1,0.2,7.5
Kolkata,2026-07-30 02:00:00,26.3,95,998.9,0.2,11.0
Kolkata,2026-07-30 03:00:00,26.1,95,998.8,0.2,11.9
Kolkata,2026-07-30 04:00:00,25.8,94,998.6,0.2,10.8
Kolkata,2026-07-30 05:00:00,26.4,94,998.7,0.2,10.2
Kolkata,2026-07-30 06:00:00,27.2,90,999.6,0.4,14.0
Kolkata,2026-07-30 07:00:00,27.6,86,999.9,0.4,12.4
Kolkata,2026-07-30 08:00:00,28.3,86,1000.6,0.6,13.9
Kolkata,2026-07-30 09:00:00,28.9,83,1000.8,0.1,13.2
Kolkata,2026-07-30 10:00:00,28.9,81,1000.6,0.2,17.0
Kolkata,2026-07-30 11:00:00,29.4,78,1000.7,2.3,13.9
Kolkata,2026-07-30 12:00:00,29.3,78,1000.4,1.7,18.1
Kolkata,2026-07-30 13:00:00,29.3,81,999.5,0.8,14.0
Kolkata,2026-07-30 14:00:00,30.1,77,999.3,0.1,12.7
Kolkata,2026-07-30 15:00:00,29.5,76,998.9,0.6,13.4
Kolkata,2026-07-30 16:00:00,29.3,77,998.3,0.1,15.8
Kolkata,2026-07-30 17:00:00,29.4,77,999.1,0.0,15.4
Kolkata,2026-07-30 18:00:00,28.2,83,1000.2,0.0,12.4
Kolkata,2026-07-30 19:00:00,27.9,85,1001.0,0.0,11.1
Kolkata,2026-07-30 20:00:00,27.8,86,1001.7,0.0,11.5
Kolkata,2026-07-30 21:00:00,27.6,86,1002.6,0.0,10.0
Kolkata,2026-07-30 22:00:00,27.2,88,1003.0,0.0,9.5
Kolkata,2026-07-30 23:00:00,27.5,88,1002.7,0.1,10.3
